DAY,MONTH,YEAR,PRECIPITATION ,MAXIMUM TEMPERATURE ,MINIMUM TEMPERATURE ,WIND SPEED,HUMIDITY ,SOLAR RADIATION,MAXIMUM DEMAND (IN MW)
1,1,2019,0,22.3,5.8,9.4,70.1,160.9,4472
2,1,2019,0,22.7,7.9,11.2,70.6,164.5,4228
3,1,2019,0,19.9,7,21.1,83.1,166.9,4331
4,1,2019,0,17.7,8,21.5,87.3,134.3,4461
5,1,2019,0,20.9,7.6,21.6,78.8,165.6,4170
6,1,2019,5.552,19.2,10.5,22.3,81.6,129.3,3956
7,1,2019,0,19.5,8,11.2,86.7,168.4,4301
8,1,2019,0,19.6,8,15,84.5,158.7,4232
9,1,2019,0,20.3,7,24.3,74.2,173.4,4332
10,1,2019,0,20.5,7.5,11.2,72,174.8,4250
11,1,2019,0,21.5,6.7,9.4,71.9,170.7,4416
12,1,2019,0,22,8.8,11.2,72.2,158.7,4282
13,1,2019,0,22.4,9.6,14.8,74.2,162.9,4055
14,1,2019,0,19,9,24.6,64.5,184.2,4261
15,1,2019,0,18.7,6,18.4,71.1,177.5,4280
16,1,2019,0,20,6.2,9.4,73.3,154.5,4304
17,1,2019,0,21.7,6.3,14.8,74.6,180.8,4154
18,1,2019,0,20.8,6,22.8,78.4,182,4368
19,1,2019,0,25.1,7.7,9.4,71.6,174.5,4088
20,1,2019,0,28,9.5,9.4,63.9,165.8,4100
21,1,2019,10.507,23,13,26.5,79.2,122.9,4019
22,1,2019,29.553,18,13,22.3,95,125.1,3883
23,1,2019,0,18.4,9.8,11.2,93.4,131,4202
24,1,2019,2.701,20.8,11,20.5,86.7,165,4094
25,1,2019,2.552,18,10.5,13,83.5,163.4,4286
26,1,2019,0,18.8,7.3,14.8,70.3,190.7,3582
27,1,2019,0,18.5,5.1,31.8,77.9,170.3,4053
28,1,2019,0,18.8,6,24.6,72.6,197.9,4210
29,1,2019,0,19.8,6,16.6,69.3,198.4,4266
30,1,2019,0,20.2,6.8,13.6,69.6,180.7,4223
31,1,2019,0,20.8,10,16.1,72.6,179.9,4223
1,2,2019,0,21,11.9,15.4,81.4,156.2,4349
2,2,2019,0,17.6,8,21,95.1,195.5,4155
3,2,2019,0,19.6,10,15.6,91.4,198,4386
4,2,2019,0,22.6,8,11.2,81.5,197.9,4212
5,2,2019,0,24.6,10.2,10,77.4,161.5,4138
6,2,2019,0.681,25,13.3,21.8,84.6,159.9,4132
7,2,2019,7.033,18.2,13.3,33.2,93.7,86.3,4096
8,2,2019,0,20.1,8,17.7,78.6,178.2,4318
9,2,2019,0,20,8,18,76.4,212.2,4022
10,2,2019,0,20.6,7,22.4,76.9,175.9,4023
11,2,2019,0,21.8,9.2,11.2,73.9,174.6,4033
12,2,2019,0,22.9,11.3,7.6,78.7,182.5,4086
13,2,2019,0,25,12.4,11.6,73.6,197.8,4007
14,2,2019,9.806,21,15.1,18.4,86.2,104,3959
15,2,2019,0.1,21.5,13.8,15.6,85.8,136.3,4105
16,2,2019,0,19.2,13,16.6,91.4,128,3905
17,2,2019,0,21,11,20.3,83.5,210.4,4071
18,2,2019,0.63,24.8,12.3,21.3,73,157.5,3839
19,2,2019,0,23.9,13.2,12,79.7,203.1,3909
20,2,2019,2.171,20.8,15,11.4,87.5,86.6,3955
21,2,2019,0,27.8,15,15.4,71.6,199.3,3881
22,2,2019,0,23,15,24.5,78.5,214.4,3907
23,2,2019,0,22,9,29.4,66.5,230.8,3657
24,2,2019,0,23.6,13,16.6,65.4,232.7,3747
25,2,2019,1.851,25,11,22.3,65,194.1,3688
26,2,2019,0.17,21,11.7,24.1,67.7,192.5,3760
27,2,2019,0,19,11.3,14.8,71.7,200.4,3957
28,2,2019,0,21.3,9,23.5,69.4,234.7,3911
1,3,2019,0,23.3,8.7,16.6,62.9,243.4,4016
2,3,2019,6.391,18.7,13,18.4,81.3,106.9,3744
3,3,2019,2.722,22.1,12,18.4,85.2,158.6,3844
4,3,2019,0,23.7,12.3,15.4,80.9,213.4,3986
5,3,2019,0,23,12,18,72.4,225.1,3735
6,3,2019,0,24.1,11,16.2,65.8,251,3835
7,3,2019,0,26,10.4,15.9,62.1,252.4,3661
8,3,2019,0,26,13.2,14.4,63.1,239.3,3839
9,3,2019,0,26.2,14.2,14.8,60,236.5,3498
10,3,2019,0,26.8,11.5,16.6,56.4,261.9,3498
11,3,2019,0.555,27.8,14.5,23.8,59.5,207.5,3564
12,3,2019,0,27,15.2,14.8,61.3,232.9,3479
13,3,2019,0,24.8,16,11.2,61.8,153.3,3584
14,3,2019,0.77,24,13.4,18.4,73.2,197,3630
15,3,2019,0,25.8,11,13,71.5,266.8,3776
16,3,2019,0,26,13,14.8,66.1,257.2,3461
17,3,2019,0,27.8,14,14.8,60,267,3418
18,3,2019,0,28.1,13.8,16.6,61.9,263.1,3550
19,3,2019,0,30.9,14.7,11.2,59.6,259.1,3507
20,3,2019,0,34,17.4,16.1,51.7,240.1,3527
21,3,2019,0,31.5,18.8,16.6,51.5,246.4,2356
22,3,2019,0,29.8,17,24.3,45.9,280.3,3095
23,3,2019,0,30.1,16,22.3,49.8,280.4,3142
24,3,2019,0,31.9,15,15.1,51.6,261.5,3152
25,3,2019,0,30.1,17,14.8,61,225.4,3361
26,3,2019,0,30,16,22.4,58.9,281.2,3402
27,3,2019,0,31.2,16,18,51.5,263.1,3516
28,3,2019,0,35,17.6,9.7,54.4,275.3,3512
29,3,2019,0,36.7,20.5,13.5,53.4,263.7,3749
30,3,2019,0.255,39,22,18,50,252.1,3646
31,3,2019,0,34.1,22.4,23.2,42.4,291.6,3330
1,4,2019,0,33.8,16,21.1,41.5,298.2,3565
2,4,2019,0,35,17.7,14.2,42.2,297.5,3662
3,4,2019,0,36.2,19,15.4,42.3,292.7,3762
4,4,2019,0,39,20.7,14.1,44.5,290.2,4086
5,4,2019,0,40,21.5,23,44.1,274.4,4255
6,4,2019,0,38.6,23.9,11.4,38,265.5,3949
7,4,2019,5.851,35,23,32.5,55.2,232.6,3951
8,4,2019,0,36,21.8,17.2,53.2,278.2,4229
9,4,2019,0,37,22.3,11.2,48.7,290.5,4267
10,4,2019,0,38.8,22.9,15.5,44.5,280.7,4404
11,4,2019,0,38.9,24.5,15.3,38.4,282.9,4661
12,4,2019,0.625,37,25,17.8,42.4,280.3,4582
13,4,2019,0,38,23.7,25.4,38.7,277.1,4179
14,4,2019,0,39,24,18.4,37,293.3,4179
15,4,2019,0,40,27,18,33.6,287.6,4798
16,4,2019,1.2,30.5,21,27.7,58.9,161.4,4515
17,4,2019,0.544,28.8,19,25.4,66,191.9,3708
18,4,2019,0,30.8,18,11.5,59.5,274.3,3710
19,4,2019,0,32,19,14.4,51.8,272.3,3707
20,4,2019,0,34.8,15.9,9.4,47.3,284.9,3728
21,4,2019,0,37.2,22.3,16.3,39.5,289.3,3880
22,4,2019,0,38.2,23.8,16.4,41.5,296.7,4588
23,4,2019,0,40.4,24.4,12.9,40,305.2,4930
24,4,2019,0,41.4,28.8,18.3,38.5,294,5263
25,4,2019,0,42.2,28.7,16.6,46.1,282.6,5552
26,4,2019,0,40.4,26.1,20.5,35.3,307.6,5315
27,4,2019,0,41,27,25.3,27.2,322.2,4946
28,4,2019,0,41.2,26,18.3,24.5,325.9,5087
29,4,2019,0,42.2,25,15,25.5,319.1,5386
30,4,2019,0,43.2,25.3,13.6,26.7,306.6,5664
1,5,2019,0,41.4,26,11.2,32.3,309.4,5472
2,5,2019,0,39.7,27.4,21,37.8,272.9,5808
3,5,2019,4.448,38.9,24.2,47.7,44.8,282.8,5377
4,5,2019,0,39,23.8,21.6,36.1,326.5,4836
5,5,2019,0,39.2,21.6,18,28.5,330.1,4994
6,5,2019,0,41,24.5,21,29.4,330.1,5272
7,5,2019,0,41.2,23.8,21,31.4,318.7,5511
8,5,2019,0,41.9,25.8,22.7,31.5,323,5680
9,5,2019,0,41.8,29,21.6,29.4,327.1,5829
10,5,2019,0.1,41.2,29.9,20.5,32.3,311.8,5985
11,5,2019,0,39.2,25,15.6,40.1,301,5522
12,5,2019,0,38.4,27,19.7,41,314.6,5450
13,5,2019,3.896,40,25,26.1,46,303.4,5565
14,5,2019,0,35.1,24,14.2,52.5,290.3,5242
15,5,2019,1.747,35,23,17.7,59.1,297,5172
16,5,2019,0,36.2,25.2,33.2,54.2,297.3,4971
17,5,2019,12.344,36.8,21,16.6,62.3,252.2,4933
18,5,2019,0,32.8,21,20.8,64.5,279.5,4277
19,5,2019,0,37.2,24.3,17.2,44.4,311.5,4603
20,5,2019,0,40,24.8,18.5,37.7,314,5237
21,5,2019,0,41.2,26.5,14.3,35.7,300.4,5510
22,5,2019,0,39,27.4,14.1,41,268.3,5575
23,5,2019,4.299,40.1,25.6,27.7,48.4,276.6,5737
24,5,2019,0,33,25.3,24.1,59.7,273.3,5094
25,5,2019,0,37,26,23.9,44.9,300.2,5107
26,5,2019,0,39.2,24.5,16.7,34.1,328.1,5236
27,5,2019,0,42.2,26.4,19.9,27.6,316.3,5599
28,5,2019,0,42.3,24.5,25,23.4,334.2,5795
29,5,2019,0,43.2,26.3,18.2,26.6,315.9,6020
30,5,2019,0,45,28.6,16.8,25.9,324.6,6240
31,5,2019,0,45.2,29.6,14.8,24.9,323.7,6461
1,6,2019,0,43.2,29.5,14.8,33.9,314.7,6462
2,6,2019,0,42.4,32,20.5,45.5,305.1,6560
3,6,2019,0,40.8,30.9,20.5,47.2,307.2,6612
4,6,2019,0,41,29.9,18.4,45.1,305,6580
5,6,2019,0,43,31,14.8,41.1,294.8,6507
6,6,2019,0,44,30.3,18.4,34.6,294.5,6661
7,6,2019,0,40.2,27.3,16.6,46,312.6,6475
8,6,2019,0,43,29.7,14.4,39,309.9,6387
9,6,2019,0,45,28.9,18,31.8,324.3,6442
10,6,2019,0,47,29.4,15.4,26,316.3,6690
11,6,2019,0,45,33.6,24.6,25.2,291.2,6792
12,6,2019,0,41.2,30.2,19.2,38.6,265.4,6904
13,6,2019,0,41.4,30,16.6,40.4,293.2,6874
14,6,2019,0,43.4,30.8,23.2,30.4,316.5,6571
15,6,2019,0,43.2,29.5,22,26.9,300.6,6560
16,6,2019,0.23,36,28,32.2,53.4,269.5,6415
17,6,2019,0.34,32.6,26.3,26,52.5,279.3,5920
18,6,2019,7.913,35,22,23.3,62.3,263.1,4991
19,6,2019,0,37,26,14.8,56,286.6,5266
20,6,2019,0,39,25,15.7,52.8,299.2,5692
21,6,2019,0,39.2,29.2,14.1,50.2,269.7,5950
22,6,2019,0,40.2,28.2,16.6,45,293.6,6175
23,6,2019,0,40.1,29,18.4,53.6,286.2,6131
24,6,2019,0,35.2,28,17.7,66.4,258.6,5957
25,6,2019,0,38.8,28.9,13,60,243.5,6443
26,6,2019,0,41.2,30.8,18.3,48.7,291.6,6632
27,6,2019,0,39,30.1,15.4,46.5,288.6,6540
28,6,2019,0,41.4,28.6,19,43.4,291.1,6622
29,6,2019,0,42.2,31.3,22,36.6,284.1,6769
30,6,2019,0,42.3,32.1,21,38.5,283.4,6683
1,7,2019,0,41.2,31.6,14.8,42.6,282.2,7241
2,7,2019,0,41,31.3,14.8,48.4,274.6,7409
3,7,2019,0,38.5,30.7,20.5,54.1,251.4,7095
4,7,2019,1.236,37,27,18.4,69.6,212.7,6885
5,7,2019,21.565,34,28,24.1,78.6,201.1,6132
6,7,2019,0,36.5,27.5,11.3,68.6,239.3,6037
7,7,2019,0,35.8,28.4,18.4,68.4,275.5,6266
8,7,2019,0.1,36,29,14.8,66.9,241.3,6488
9,7,2019,0.34,34,29,15.1,70.1,204.3,6180
10,7,2019,0,37.2,29.1,17.3,63.2,224.2,6616
11,7,2019,0,39,32,22.7,53.4,235.6,6851
12,7,2019,0,38.1,31.5,19.9,55.7,256.8,6789
13,7,2019,0,39.2,32,23.3,51.4,261.8,6657
14,7,2019,0,37.4,30.8,18.4,56.2,217,6494
15,7,2019,28.552,34.4,23.8,29.4,77,210.5,5974
16,7,2019,2.642,36,25.7,14.8,78.6,95,5036
17,7,2019,19.911,31.8,24,14.8,85,111.9,4868
18,7,2019,21.709,30,23,11.2,86.5,175,4701
19,7,2019,0,36,26.2,9.6,70.6,244.8,5727
20,7,2019,9.747,35.7,26,26,79.9,233.6,5509
21,7,2019,42.876,36.2,25.8,14.8,82.8,191.3,5233
22,7,2019,3.403,35.8,27.2,19.1,82,222.5,5837
23,7,2019,0,37.2,29.4,16.7,70.2,220.5,6486
24,7,2019,17.863,38.2,27.9,24.1,71.9,221.4,6617
25,7,2019,0.515,29.8,27,14.6,83.6,89.4,5633
26,7,2019,10.149,31.6,26.8,14.8,88.5,124.5,5120
27,7,2019,3.046,31.8,26,16.6,90.4,112.4,4665
28,7,2019,5.403,33.7,26.8,16.6,84.5,179,5101
29,7,2019,0,35.6,28,16.6,76.8,236.8,5609
30,7,2019,0,34.6,28,14.8,75.8,198,5651
31,7,2019,5.2,33.9,28,20.5,76.9,112.6,5773
1,8,2019,0,35.9,28.8,12.6,73.2,173.4,5972
2,8,2019,1.494,34.6,28,13.8,80,167.7,5791
3,8,2019,2.282,32.4,28,11.5,85.1,154.8,5449
4,8,2019,3.966,35.2,27.9,10.8,85.3,118.3,5576
5,8,2019,0.415,36.4,28,11.2,82.9,206,6055
6,8,2019,35.527,30,24.4,16.6,94.2,146.5,5699
7,8,2019,0,33.8,26.8,14.8,81.8,174.8,5529
8,8,2019,0,37.5,28,14.1,73.7,225.8,6133
9,8,2019,0.766,33.7,29,21.2,71.7,200.4,5874
10,8,2019,0,33.6,27,22.3,78.7,191.2,5449
11,8,2019,0,36,27,11.3,72.2,235.2,5795
12,8,2019,1.111,35,28,11.2,80.8,206.1,5713
13,8,2019,12.24,35,27,17.7,85.3,186.7,5696
14,8,2019,8.585,33.8,26,10.1,87.5,180.7,5522
15,8,2019,6.942,34.4,25.3,18.3,81,184.2,5344
16,8,2019,1.761,31.8,27,20.5,83,174.5,5119
17,8,2019,11.342,28,26,16.6,93,67.5,4921
18,8,2019,33.009,29.7,25.9,17.1,90.8,106.8,4415
19,8,2019,0.045,33.8,25.8,14.8,76.2,201.5,5205
20,8,2019,0,34.8,28,16.6,75.3,237.2,5449
21,8,2019,0,35.8,27,12.9,72.2,266.4,5864
22,8,2019,0.17,34.3,26.8,11.2,74.9,242.3,5555
23,8,2019,0.51,35.8,27,15.7,69.9,231.2,5846
24,8,2019,0.299,33,27.9,13.3,76.7,185.8,5700
25,8,2019,2.469,33.5,26,13,84.2,142.1,4939
26,8,2019,0,34.7,26,13.3,75,224.6,5686
27,8,2019,0,35.9,28,12.3,69.9,240.7,6100
28,8,2019,0,37.6,28,11.8,68.7,255.4,6376
29,8,2019,0,37.5,29,14.8,69.4,222.6,6473
30,8,2019,0,35.8,28,9,70.9,223.5,6470
31,8,2019,0.809,35.8,30,9.8,69.7,230,6285
1,9,2019,0.34,32.8,27,19.1,78.9,124.9,6095
2,9,2019,0,35.8,27,10.6,72.8,229.1,6193
3,9,2019,0,35.8,29,10.8,72.8,199.7,6333
4,9,2019,0,35.6,29,13,76.9,164.7,6284
5,9,2019,0,35.5,28,18.4,76.3,202.5,6172
6,9,2019,0.03,36.2,29,18.4,75.5,220.5,6216
7,9,2019,39.98,34.8,27,14.8,79.4,164.9,5835
8,9,2019,39.98,35.2,27,13,75,234.5,6051
9,9,2019,0,36.2,29,14.8,67.2,221.3,6241
10,9,2019,0,36.7,28.4,11.2,65.1,237,6391
11,9,2019,0,38,29,9.4,64.5,229.9,6626
12,9,2019,0,36.6,30,20.6,72.2,178.8,6565
13,9,2019,0,35.8,28,13,73.3,218.1,6397
14,9,2019,0,34.8,28,14.1,71.7,148.6,6173
15,9,2019,1.835,33.6,28,13,78.2,166.2,5824
16,9,2019,0,36,27.9,9.4,71.6,221.1,6179
17,9,2019,0.493,36,28,14.1,68.1,197.2,6091
18,9,2019,0.1,34.7,26.8,18.4,69,204.8,5838
19,9,2019,0.03,31.8,25.9,16.6,75.7,183.2,5593
20,9,2019,0,34.6,25.8,13,72,214.7,5401
21,9,2019,24.494,34.6,24,13.4,79.3,197.7,5244
22,9,2019,0.03,29,24,15.8,85.3,185.2,4633
23,9,2019,0,31.8,24,11.2,79.1,185.5,4630
24,9,2019,0,33.6,24.4,12.9,75.5,207.3,4798
25,9,2019,0,34.6,24,11.8,75.5,208.2,4990
26,9,2019,0,33.1,26,16.6,75,180.3,4872
27,9,2019,0,31.6,25,14.8,77.7,132.2,4735
28,9,2019,0,31.7,24.8,18.4,77.8,186.4,4366
29,9,2019,0.305,30.8,24,14.4,80.6,58.6,3909
30,9,2019,0.299,30.9,24,14.8,80.7,151.3,4319
1,10,2019,0.299,31.9,24,11.2,79,152.7,4459
2,10,2019,0,32.8,23,7.7,73.6,202.2,3852
3,10,2019,44.312,34.1,21.5,16.7,72.2,222.3,4605
4,10,2019,0,30.8,22.6,15,76.9,208.5,4345
5,10,2019,0,31.8,22,15.4,65.4,229.3,4014
6,10,2019,0,32.8,22,11.3,66.8,229.9,3726
7,10,2019,0,31.6,23,17.3,67.2,219.4,4053
8,10,2019,0,31.6,21,15.1,61.4,226.5,3384
9,10,2019,0,33.4,21.5,7.9,62.9,176.9,4147
10,10,2019,0,33.7,21.6,11.2,60.1,195.9,4193
11,10,2019,0,32.6,21.1,9.3,61.9,212.7,4213
12,10,2019,0,32.8,22,9.4,63.8,217.5,4025
13,10,2019,0,32.8,22,9,62.4,205.3,3800
14,10,2019,0,33.8,21.4,7.2,63.9,212.7,4236
15,10,2019,0,33.8,21.5,9.4,63.4,207.2,4305
16,10,2019,0.134,33.6,22.6,8.2,65.3,204.8,4317
17,10,2019,0,33,22.7,9.4,65.3,192.9,4312
18,10,2019,0,33.8,22.2,37.1,59.9,195.2,4334
19,10,2019,0,32,21.7,13,58.9,204.3,4006
20,10,2019,0,31.8,20,12.1,57.7,219.2,3660
21,10,2019,0,31.6,18.6,16.6,57.1,216.5,3958
22,10,2019,0,30.8,18,14.1,57.2,211.1,3891
23,10,2019,0,31.8,17.8,11.5,56.6,213.4,3923
24,10,2019,0,31,18.6,7.6,63,205.6,3954
25,10,2019,0,30.5,19.5,11.1,62.1,194.7,3911
26,10,2019,0,30,18.6,9.4,64.2,197.7,3480
27,10,2019,0,31.1,18.9,15.4,60.2,207,3067
28,10,2019,0,29.8,18.9,11.2,59.2,202.5,2905
29,10,2019,0,28.6,19.7,5.4,69.2,145.2,3153
30,10,2019,0,30.6,20.7,9.4,62.8,166.3,3513
31,10,2019,0,31.8,18.7,11.2,64.2,195.8,3547
1,11,2019,0,31.6,18.4,11.2,67,184.4,3513
2,11,2019,0.045,29,20,16,71.2,152.6,3259
3,11,2019,0.255,27,19,15.8,77.7,177.3,3116
4,11,2019,0,29,19,13.6,68.7,188.9,3560
5,11,2019,0,29.8,18,21.5,58.8,195.2,3537
6,11,2019,0,31.6,16.6,11.2,52.8,167.1,3600
7,11,2019,0.771,24.7,18,14.8,71.8,109.8,3437
8,11,2019,0.3,29.4,17.2,11.2,69.3,171.9,3478
9,11,2019,0,29.3,16,16.6,63.6,189,3188
10,11,2019,0,28.6,16.2,13.3,60.1,187.4,3128
11,11,2019,0,27.7,14.8,11.2,56.1,183.7,3235
12,11,2019,0,27,14,13,58.2,188.3,3253
13,11,2019,0,28,14.6,9.4,62.8,160,3348
14,11,2019,0,26,16.8,9.4,69.7,155.5,3480
15,11,2019,0,27.4,17,9.4,70.6,165.7,3631
16,11,2019,0,28.8,17.8,22.3,63.2,176.8,3273
17,11,2019,0,28.6,15,16.6,63.9,180.6,3253
18,11,2019,0,25,15,18.4,66.6,179.3,3355
19,11,2019,0,26.3,13.9,11.2,63,179,3410
20,11,2019,0,27.4,14.1,9.4,63.1,175.1,3440
21,11,2019,0,27.9,13.8,9.4,64.2,170.9,3403
22,11,2019,0,27.1,14,9.4,59.3,167.6,3546
23,11,2019,0,26.2,15.4,13,63,130.7,3373
24,11,2019,0,26.2,15,13,66.9,129.8,3329
25,11,2019,0,27,15.2,9.4,65.7,161.5,3405
26,11,2019,0,28,17.1,18.4,60.1,138.4,3416
27,11,2019,0,26.5,15.9,16.6,70.4,140.5,3499
28,11,2019,0.119,22.4,16.8,22.3,75.3,112.6,3442
29,11,2019,0,24.2,14.1,11.2,76.6,123.6,3572
30,11,2019,0,21.9,13,13.5,82.3,166.5,3405
1,12,2019,0,22.8,11.2,16.6,73.1,168.3,3400
2,12,2019,0,22.6,10.2,18.4,68.8,170.4,3495
3,12,2019,0,23.9,10,16.6,60.2,171.5,3586
4,12,2019,0,23.2,9.2,9.4,59.9,166.7,3639
5,12,2019,0,22.4,9.1,9.4,65.8,158.5,3574
6,12,2019,0,23.7,10.2,13,74.2,144.8,3793
7,12,2019,0,23.8,10.8,11.2,76.6,164.2,3546
8,12,2019,0,23,10.7,11.2,73.9,164.9,3595
9,12,2019,0,22.9,9.7,9.4,67.4,164.8,3600
10,12,2019,0,22,9.4,9.2,70.4,164,3665
11,12,2019,0,22.5,9.7,11.2,70,139.2,3851
12,12,2019,27.045,21,14.2,20.5,75.4,107.2,3736
13,12,2019,7.34,19,13.3,18.4,90.9,61.9,3975
14,12,2019,0,18.3,12,9.4,82.7,96.7,3868
15,12,2019,0,18.8,10,14.8,87.3,134.9,3874
16,12,2019,0,12.6,10.9,14.8,93.7,129.9,3938
17,12,2019,0,12.1,8.7,14.8,86,157.5,4079
18,12,2019,0,17.5,8.4,14.8,85.8,160,4312
19,12,2019,0,14.5,6.9,9.4,92.8,146,4256
20,12,2019,0,16.4,9,12.4,94.6,156.7,4628
21,12,2019,0,17,9.6,13,92.7,98.9,4202
22,12,2019,0,14,9,15,96.1,155.9,4346
23,12,2019,0,12,6.9,13,93.8,162.9,4488
24,12,2019,0,15.4,7.5,9.4,90.9,112.4,4636
25,12,2019,0,11.1,7,14.8,94.8,158.8,4770
26,12,2019,0,12.5,6.1,13,89.9,155.4,4920
27,12,2019,0,13.2,5.5,9.4,86.3,137.1,4976
28,12,2019,0,12.5,3,9.4,95,132.1,4709
29,12,2019,0,14.8,4.6,11.2,89.3,125,4832
30,12,2019,0,9.1,4.7,11.2,98.4,107.1,5060
31,12,2019,0,14.2,4.7,11.2,83.3,138.7,5245
1,1,2020,0,19.6,3.8,14.8,80.8,154.6,5226
2,1,2020,0,21.7,6.4,9.4,76.2,153.9,4804
3,1,2020,0,22,9.4,13,77.3,147.8,4811
4,1,2020,0,21.1,9.4,14.8,77.9,148.3,4255
5,1,2020,0,20.2,8.6,16.6,73,161.5,4233
6,1,2020,0,18.9,11,13,76.7,72.7,4473
7,1,2020,3.432,18,13,14.8,83.5,101.4,4399
8,1,2020,17.373,14.2,11,18.4,94.8,60.2,4340
9,1,2020,0,14,8,16.6,89.1,172.6,4685
10,1,2020,0,17,6,15.5,84.6,176.2,4875
11,1,2020,0,19,7,14.8,76.9,154.7,4553
12,1,2020,0,21.8,8.3,13,74.7,169,4545
13,1,2020,0.83,21,9.6,19.1,80.1,128.5,4490
14,1,2020,0,16.1,10,13,89.7,93.5,4600
15,1,2020,0,19.1,8.2,11.2,85.2,168.1,4573
16,1,2020,4.045,15.2,8,11.2,90.1,110.9,4402
17,1,2020,2.39,16.7,11.4,13,91.4,111.9,4602
18,1,2020,0,16.5,10.5,11.2,88.2,117.7,4320
19,1,2020,0,15.8,7.9,16.9,92.1,165.9,4578
20,1,2020,0,15.3,8,13,94.8,150.6,4653
21,1,2020,0,19.7,10.3,11.2,87.7,159.2,4468
22,1,2020,0,16.4,8.3,14.8,92.9,181.2,4630
23,1,2020,0,19.8,9,19.3,70.4,190.6,4401
24,1,2020,0,20.3,6,22.3,66.2,191.9,4632
25,1,2020,0,19.5,7,12.2,68.9,187.1,4305
26,1,2020,0,22.2,8,14.8,73.6,184.4,3764
27,1,2020,0,22,10.3,16.6,72.5,122.9,4293
28,1,2020,8.701,21.1,13,22.3,88.1,134.2,4318
29,1,2020,4.253,20,11,13.2,83.1,148.1,4371
30,1,2020,0,19.4,9,18.4,82.2,190.1,4180
31,1,2020,0,18.7,7,13.4,80.4,187.9,4484
1,2,2020,0,19.1,7.6,14.8,76.1,182.4,4073
2,2,2020,0,18.4,7,18.4,80.6,200.2,4325
3,2,2020,0,21,6.8,12.4,70.3,203.3,4269
4,2,2020,0,21.4,7.6,14.8,67.6,199.5,4126
5,2,2020,0,20.9,8.7,16.6,75,198.1,4190
6,2,2020,0,19,7.6,11.2,75.1,203.6,4386
7,2,2020,0,19.2,7.5,14.8,74,184.3,4447
8,2,2020,0,20.5,8.8,18.4,73.6,208,3950
9,2,2020,0,21.7,8,61.3,75,211.5,4138
10,2,2020,0,20.5,7,13,74.7,214,4097
11,2,2020,0,22.2,7.8,11.2,71.8,214.2,4144
12,2,2020,0,23.9,10,22.3,76.5,209.3,4182
13,2,2020,0,27,11,22.3,67.4,210.5,4008
14,2,2020,0,24.4,13.1,25.9,60.5,220.6,4297
15,2,2020,0,25,10,25.9,56.5,223.8,4003
16,2,2020,0,26.1,10.7,14.8,59.9,225.5,3872
17,2,2020,0,25.9,10.9,22.3,64.7,226.4,3762
18,2,2020,0,25.2,11,20.5,55.3,229.4,3876
19,2,2020,0,26,10,22.3,59.4,204.4,3888
20,2,2020,1,26.9,15.2,24.1,60.5,209,3734
21,2,2020,0,20,14,27.7,82.5,55.3,4200
22,2,2020,0,24,13,14.8,77.9,165.9,3673
23,2,2020,0,26.4,14.5,14.8,74.9,202,3605
24,2,2020,0,25.7,14.1,13,71.5,208.5,3738
25,2,2020,0,25.5,14,18.4,75.5,223.7,3573
26,2,2020,0,26.7,14.4,14.2,70.3,219.5,3558
27,2,2020,0,27,15,13,77.5,206.3,3514
28,2,2020,0,25.9,17.9,20.5,76,188.3,3678
29,2,2020,18.403,26.9,16,24.1,79.8,134.9,3407
1,4,2020,0.448,32.3,18.9,16.6,59.4,267.9,2465
2,4,2020,0,30.8,18,22.3,52.8,291.8,2296
3,4,2020,0,30,16,16.6,44.2,300.9,2257
4,4,2020,0,32,16,16.6,45.7,297.9,2163
5,4,2020,0,33,18.3,11.2,48.7,284,2220
6,4,2020,0,35.7,20.2,18.4,44.6,288.2,2235
7,4,2020,0,33,19,20.5,46.7,287.3,2240
8,4,2020,0,33,21,18.4,40.8,293.5,2215
9,4,2020,0,32.6,15.3,18.4,41.9,302.1,2251
10,4,2020,0,35,19,11.8,39,278.4,2309
11,4,2020,0,36.6,21.7,18.4,37.2,298.1,2402
12,4,2020,0,37,21,18.4,38.7,299.3,2510
13,4,2020,0,37.7,22.6,20.5,39.7,289.8,2759
14,4,2020,0,39,24.9,8,42,273.3,3017
15,4,2020,0,39.5,25.8,14.8,30,267.6,3007
16,4,2020,0,38.8,23.7,16.6,33.6,289.8,3169
17,4,2020,1.701,37,25.4,18.4,36.2,239.9,3131
18,4,2020,1.701,36,22.6,22.3,42.6,278.4,3084
19,4,2020,4.343,35,21.1,14.8,51.2,292,2977
20,4,2020,0,31.9,21.9,16.6,46.4,244.7,2955
21,4,2020,0,34.2,20.3,16.6,46.1,296.5,2745
22,4,2020,0,36,20.7,14.8,39.7,307.1,2906
23,4,2020,0,34.2,24,18.4,40,237.3,2884
24,4,2020,0,36.7,21.9,11.2,44.4,281.3,3070
25,4,2020,0,37.2,25,13,39.5,268.4,3100
26,4,2020,2.876,31,21,27.7,61.8,256.7,3072
27,4,2020,16.417,34,19.3,22.3,62.5,226.9,2692
28,4,2020,0,33.2,23.7,13,58.2,267.1,3019
29,4,2020,0,36,24.2,13.9,53.4,289.8,3174
30,4,2020,0,38.1,26.4,14.8,51.5,288.1,3362
1,5,2020,0,39,25,16.6,53.2,304.5,3522
2,5,2020,0,37,25,21.6,59.8,298.2,3501
3,5,2020,11.763,34,22.9,26.3,68.3,232.6,3457
4,5,2020,0,34.8,21.2,14.8,62,279,3180
5,5,2020,0,36.5,23.9,14.8,51.8,296.7,3420
6,5,2020,0,33.9,25.1,14.8,43.9,297.8,3387
7,5,2020,0,37,23.3,16.6,39.6,317.1,3451
8,5,2020,0,39.2,24.3,13,41.5,315.2,3782
9,5,2020,0,41,25,16.6,46.7,308.8,4078
10,5,2020,0.911,35,24.2,22.3,55.3,287.8,4044
11,5,2020,0,35,21.9,16.6,52.9,282.7,3658
12,5,2020,0,37.1,25.7,14.8,48.3,287.7,3798
13,5,2020,0,34.6,27.5,11.2,52.2,257.3,3702
14,5,2020,0.34,39,25.1,18.4,52.9,303.9,3656
15,5,2020,0,39,25.1,20.5,40.3,311,3698
16,5,2020,0,40,25.2,17.5,35.9,327.9,3875
17,5,2020,0,40.4,24,18.4,33.9,311.7,4000
18,5,2020,0,41,24.8,18.4,32.4,328.2,4129
19,5,2020,0,41,23.8,14.8,26.2,318.8,4195
20,5,2020,0,40,24.1,20.5,23.2,333.7,4276
21,5,2020,0,42,26,24.1,21.9,335.2,4518
22,5,2020,0,44,25.5,20.5,23.3,328.3,4923
23,5,2020,0,44,27.9,22.3,23.5,305.6,5055
24,5,2020,0,45,30.6,22.3,20,321.8,5268
25,5,2020,0,44,28.9,21,24.8,327.8,5384
26,5,2020,0,45.3,28.9,20.3,23.7,318.4,5464
27,5,2020,0,45.2,30.6,22.3,23.2,317,5425
28,5,2020,2.851,39.6,24.1,24.1,43.4,288.4,5407
29,5,2020,3.851,35,24.7,22.3,61.4,280.8,4402
30,5,2020,0,33.9,24,22.3,62.8,218.4,4145
31,5,2020,11.597,33.3,21.5,33.5,79.1,255.9,4098
1,6,2020,0,35,22,9.4,62.9,310.6,3807
2,6,2020,0,36.2,26,22.3,53.8,294.4,4058
3,6,2020,0.425,36,26.1,11.2,54.1,287.7,4250
4,6,2020,0.119,34.6,26,22.3,60.2,216.6,4194
5,6,2020,1.055,34.9,26,22.3,58.9,281.3,3935
6,6,2020,0,36,25,14.8,62.5,291.3,4248
7,6,2020,6.851,34.1,24,18.4,64.6,294.6,4193
8,6,2020,0,37.1,25.7,16.5,55.6,294.2,4611
9,6,2020,0,40,27.9,20.5,49,279.8,5119
10,6,2020,0.445,42,29.9,24.1,51.9,282.1,5198
11,6,2020,0,40,28.7,16.6,52.8,287.7,5534
12,6,2020,0,40,30.9,27.7,51.1,287,5591
13,6,2020,0.03,38.7,30,16.6,57.8,242.6,5509
14,6,2020,0,39.7,28.8,13,55.9,247,5571
15,6,2020,0,41.1,30.4,16.6,44.9,303.8,5805
16,6,2020,0,41.4,31.1,25,47.2,280.8,5899
17,6,2020,0,40.3,30.9,18.4,52.9,303.2,5985
18,6,2020,0,42.2,29.8,14.8,53.6,305.4,6193
19,6,2020,0,41,31.2,20.5,53.4,291.8,6245
20,6,2020,4.593,37.8,26.2,20.2,62.7,264.6,6064
21,6,2020,0.149,36,27,13,67.8,289.5,5243
22,6,2020,37.578,37,25.4,13,66,261.6,5369
23,6,2020,0,36.6,28.9,14.8,67.9,254.3,5467
24,6,2020,11.058,34,28.2,16.6,76.6,205.9,5288
25,6,2020,1.701,36.2,28.1,10.1,74.9,274.6,5332
26,6,2020,0.747,36.8,29,18.6,70.2,226.2,5399
27,6,2020,0,40,29.8,23.7,60.8,250.1,5561
28,6,2020,0,40.2,30.5,26.6,54,253.3,6096
29,6,2020,2.552,40.8,28.5,20.3,52.3,251.2,6314
30,6,2020,0,37,27.3,16.6,70,246.8,5895
1,7,2020,0,37.9,30.2,25.2,65,278.4,5958
2,7,2020,0,39.8,31,11.2,61.6,275.9,6198
3,7,2020,3.585,41,31.7,17.5,61.9,278.5,6310
4,7,2020,0,38.9,30,16.6,65,218.3,5989
5,7,2020,36.24,34,23,18.4,78.5,192.1,5812
6,7,2020,0.51,35,27.2,16.6,76.2,260.2,5127
7,7,2020,0.299,34.6,27.9,18.4,78.7,177.5,4897
8,7,2020,0.299,35.8,27,17.5,83.9,155,4929
9,7,2020,0,37.5,28,10.4,72.6,181.2,5653
10,7,2020,5.955,38,28.9,18.4,66,245.5,5773
11,7,2020,0.299,36.6,25.3,18.4,72.6,247.5,5532
12,7,2020,0,34.8,26,16.6,70.8,218.9,5426
13,7,2020,0,36.8,27,11.5,64.9,259.2,5434
14,7,2020,0,38,28.9,13.7,64.6,256.7,5922
15,7,2020,0,36.4,30,18.4,68.5,225.3,5727
16,7,2020,0,37.1,29.3,14.8,71.5,236.5,5711
17,7,2020,3.403,35.6,29,20.5,73.5,214,5762
18,7,2020,0,35,30,18.4,75.8,206.8,5612
19,7,2020,63.831,33.8,26.2,16.6,82.4,148.8,5457
20,7,2020,0.463,32.2,26,22.3,80.1,176.4,5033
21,7,2020,27.388,31.3,24.4,22.3,89.8,171.4,4485
22,7,2020,75.987,28,24.7,13,93.2,127.1,3890
23,7,2020,0,33.9,24.8,13,79,262.2,4472
24,7,2020,4.286,34.8,26,12.2,80.3,240.6,4878
26,7,2020,0,34.9,26.1,11.2,83.4,225.4,4836
27,7,2020,0.51,35.7,27.9,14.1,76.8,215,5287
28,7,2020,0,36.7,29,15.4,72.6,228.7,5457
28,7,2020,0,36.8,29,13.5,73.7,249.1,6107
29,7,2020,9.597,36,26,9.4,80.4,207.6,5941
30,7,2020,0,31,26,13.3,80.1,194.7,4931
31,7,2020,1.577,33.8,27.2,9.4,81.8,224.8,5147
1,8,2020,6.851,35.7,27.9,14.8,84,171.1,5054
2,8,2020,1.494,36.7,27,18.4,77.6,244.8,5494
3,8,2020,0.5,36.8,28.8,18.4,74.8,227.9,5419
4,8,2020,1.1,36.1,28.4,11.3,75.5,232.1,5716
5,8,2020,13.15,34,29.1,20.2,82.6,169,5605
6,8,2020,0.897,36.9,28.5,29.9,71.8,250.3,5532
7,8,2020,0.17,35.6,28,26.3,73.3,234.1,5602
8,8,2020,0.085,36.9,29,9.4,73.7,245.8,5737
9,8,2020,2.977,34.8,27,18.4,85.2,130.3,5610
10,8,2020,0.425,34,28,11.2,81.6,102.8,5463
11,8,2020,7.656,36.5,28,14.8,82.3,173.3,5459
12,8,2020,12.838,35.8,25,22.3,77.7,134.9,5338
13,8,2020,73.254,28.8,25.2,20.5,96.4,61,5033
14,8,2020,0.538,31.8,26,10.6,88.6,97.4,4675
15,8,2020,0,34.6,27,11.8,82.4,172.4,4762
16,8,2020,0.766,35.8,28,13.8,79.8,197,5209
17,8,2020,20.505,34.6,28,13,87.1,207.4,5237
18,8,2020,0.98,34.8,28,18.3,86.9,170.7,5241
19,8,2020,40.664,28.2,24.9,17.7,95.7,40.1,4832
20,8,2020,33.24,29.2,24.8,13,96.3,82.3,4117
21,8,2020,0.851,34.6,25.2,14.8,79.5,193.4,4373
22,8,2020,0,34.7,26.7,19.5,74.4,194.1,4472
23,8,2020,1.791,33.5,27,16.2,80.2,178.1,4462
24,8,2020,0.085,32.5,27,16.6,82.1,156.3,4502
25,8,2020,0,32.6,26.8,14.4,81.2,189.3,4641
26,8,2020,0,33.6,27,14.1,76.3,184.5,4876
27,8,2020,0,34.8,27,11.8,72.9,149.4,5183
28,8,2020,24.942,32.8,26,10.3,85.9,203.5,5093
29,8,2020,0,34.6,26,11.2,80.8,226.1,4922
30,8,2020,0.5,30.8,27,18.5,81.3,201,4799
31,8,2020,0,32.8,26.2,18.4,76.8,196.5,4442
1,9,2020,0,34.6,26,12.6,71.9,189.9,4801
2,9,2020,0,34.1,26,10.3,74.6,215.2,5148
3,9,2020,0.06,34.7,28,15.3,75.6,186.4,5259
4,9,2020,1.129,34.6,28,11.2,77.7,214.2,5298
5,9,2020,17.357,36.6,24.5,19.9,81.4,176.5,5151
6,9,2020,0,34.6,25,9.4,80.9,195.2,4949
7,9,2020,3.24,33.6,27,17.1,82.2,217.7,4946
8,9,2020,0,34.9,26,11.2,75.7,215.4,5302
9,9,2020,0,35,27.5,14.8,72.6,220.7,5433
10,9,2020,0,35,27,14.8,72.7,229.8,5585
11,9,2020,0,37,27,13,65.1,226.6,5669
12,9,2020,0,36.8,27,7.6,66.9,240,5516
13,9,2020,0,35.8,28,9.4,68.9,226.7,5677
14,9,2020,0,36.6,28,9.4,71.3,220.4,5808
15,9,2020,0,36.7,26,10.3,69.5,242.8,5952
16,9,2020,0,37.6,28.3,11.2,65.5,225.8,6072
17,9,2020,0,36.8,28,20.5,63.6,238.9,6087
18,9,2020,0,37.8,28,16.6,63.6,223.4,6231
19,9,2020,0,36.8,28,9.7,66.7,232.8,6073
20,9,2020,0,36.6,28,10.3,66.6,246.4,5960
21,9,2020,0,36.6,28,9.7,65.8,233.5,6089
22,9,2020,0,36.5,28.8,13.3,69.4,194.5,6057
23,9,2020,0,35.7,28.7,10.5,69,213.3,5914
24,9,2020,0,35,27,13,71.1,223.3,5798
25,9,2020,0,36.9,27.2,14.8,62.9,243.3,5636
26,9,2020,0,33.6,25.9,18,65.4,222.8,5497
27,9,2020,0,35.8,24,15.3,59.6,240.7,4885
28,9,2020,0,35.8,24.6,15.4,59.6,243.7,4939
29,9,2020,0,35.9,24.3,15.4,62.1,238.1,4917
30,9,2020,0,35,23,16.5,60.1,243.9,4761
1,10,2020,0,36.8,23,15.2,58.1,241.7,4820
2,10,2020,0,35.8,22.6,15.1,60.1,242.7,4570
3,10,2020,0,35.8,22.3,13,57.1,242.4,4327
4,10,2020,0,34.8,20.8,13,57.2,243.3,4126
5,10,2020,0,35,21,22.3,55.8,242.3,4316
6,10,2020,0,35.9,20.4,14.7,55.9,241,4155
7,10,2020,0,35.8,20.5,16.6,56.7,238.4,4346
8,10,2020,0,35.8,21.1,10.3,59.5,236.5,4328
9,10,2020,0,34.8,20.8,7.6,59,233.2,4442
10,10,2020,0,34.6,21,13,58.9,227.9,4053
11,10,2020,0,34.9,21.7,14.7,58.2,229,3824
12,10,2020,0,34.8,21.2,5.4,60,225.7,4165
13,10,2020,0,34.8,21.5,7.6,66.4,213.7,4350
14,10,2020,0,34,24.9,7.6,66.6,192.5,4422
15,10,2020,0,34.6,22,7.9,53.7,216.1,4219
16,10,2020,0,33.8,19.2,7.6,48.6,226.6,4094
17,10,2020,0,34.5,18.9,5.4,55.8,220,3772
18,10,2020,0,34.4,18.9,13,50.4,222.7,3513
19,10,2020,0,33.3,17.5,16.6,50.7,220.2,3853
20,10,2020,0,33.8,16.4,8.5,51.2,225.4,3808
21,10,2020,0,34.6,16.8,7.6,54,197.7,3855
22,10,2020,0,32.8,19.4,5.8,55,192.6,3879
23,10,2020,0,33.4,16.5,5.8,57,213.6,3844
24,10,2020,0,32.6,16.7,13,53.6,215.9,3510
25,10,2020,0,32.8,16.1,7.6,61.4,213,3053
26,10,2020,0,32.8,17.1,7.7,56.6,178.9,3607
27,10,2020,0,31.1,16.6,15.6,55.6,212.8,3588
28,10,2020,0,30.8,14.3,7.6,56.9,211.5,3508
29,10,2020,0,30.7,14.6,5.4,58.3,207.3,3534
30,10,2020,0,30.7,15,11.2,57,206.7,3497
31,10,2020,0,30.8,15.2,15,57.2,206.7,3302
1,11,2020,0,30,12.4,13.9,54.2,207.2,3144
2,11,2020,0,29.4,13.1,13,55.4,206.8,3406
3,11,2020,0,29.7,12.5,13,59.5,205.3,3492
4,11,2020,0,27.5,13.1,9.5,60.6,196.4,3629
5,11,2020,0,30.1,13.6,10.6,59.6,198.8,3498
6,11,2020,0,30,13.8,8.8,60.6,197.8,3570
7,11,2020,0,28.4,13.5,16.6,60,197.1,3325
8,11,2020,0,28.1,13.3,7.6,64.8,196.1,3382
9,11,2020,0,27.4,12.6,7.6,71.2,193.2,3497
10,11,2020,0,28.3,12.8,9.4,71.9,189,3507
11,11,2020,0,28.5,13.7,11.2,69,182.7,3538
12,11,2020,0,28,13.6,7.6,67.2,182.4,3451
13,11,2020,0,29.3,14,6.9,67.9,184,3570
14,11,2020,0,27.8,12.7,5.4,72.7,183.9,2890
15,11,2020,0.639,28.7,13.7,14.8,70.3,156.3,2609
16,11,2020,0,24.8,17.7,15.1,79.5,105.3,3185
17,11,2020,0,25.5,14,13,72.4,160.6,3181
18,11,2020,0,24.4,13.2,9.4,69.1,181,3414
19,11,2020,0,24.8,11.8,9.4,65.5,177.3,3398
20,11,2020,0,24.6,10.5,16.6,63.7,181.7,3678
21,11,2020,0,23.9,9,18.4,63.1,183.3,3337
22,11,2020,0,23.7,9.5,14.2,60.6,180.3,3400
23,11,2020,0,24.4,8.8,9.4,63.5,177.2,3570
24,11,2020,0,24.2,9.3,9.4,62.4,156,3588
25,11,2020,0,23,11.3,11.2,65.1,104.2,3693
26,11,2020,0,24.7,15,11.2,65.3,146.2,3593
27,11,2020,0,25.8,12,14.4,67,173.6,3769
28,11,2020,0,25.5,11.9,16.6,64.6,174.5,3430
29,11,2020,0,25,9.4,8,63.7,174.6,3493
30,11,2020,0,25.1,9,10.1,66.8,170.1,3389
1,12,2020,0,26.2,10.1,8,69,167.7,3504
2,12,2020,0,26.2,10.6,14.8,65.8,169.2,3693
3,12,2020,0,26.5,10,9.4,68.9,166.9,3565
4,12,2020,0,27.2,10.5,9.4,69.3,164.5,3831
5,12,2020,0,26.7,12.9,16.6,71.9,162.6,3472
6,12,2020,0,27.2,13.6,9.4,72.7,161.8,3492
7,12,2020,0,25.6,13,11.2,84.4,161.6,3648
8,12,2020,0,26.7,11.9,9.4,74,161.1,3594
9,12,2020,0,27.9,11.9,9.4,71.3,160.2,3651
10,12,2020,0,27.1,12.7,7.6,69.9,156.1,3533
11,12,2020,0,24.2,12.9,13,76.2,142.1,3718
12,12,2020,0,21.4,13.8,11.2,88.6,105.1,3354
13,12,2020,0,19.7,11.3,14.8,87,162.7,3580
14,12,2020,0,17,9.5,13,79.9,167.8,3807
15,12,2020,0,17.8,6.2,11.2,81.5,168.8,3941
16,12,2020,0,17.4,7,13,84.7,167.9,4196
17,12,2020,0,14.4,5,18.4,86.9,168.8,4284
18,12,2020,0,19.5,5,18.4,66.2,167.4,4584
19,12,2020,0,21.6,6,16.6,65.7,167.4,4166
20,12,2020,0,22,5.7,14.8,66.6,163.1,4077
21,12,2020,0,22.2,7.7,11.7,71.3,144.1,4238
22,12,2020,0,22.8,7.7,11.4,73.3,162.1,4326
23,12,2020,0,22.5,6.3,9.4,76.5,166.3,4358
24,12,2020,0,22.5,6.7,8,77.5,166.9,4265
25,12,2020,0,21.5,6.9,14.8,75.4,167.4,4418
26,12,2020,0,21.4,7,11.2,72.2,166.7,4112
27,12,2020,0,21,7.9,20.5,72.5,164.5,4061
28,12,2020,0,19,7.6,14.7,60.7,170.3,4313
29,12,2020,0,17.5,5.8,14.8,73.9,169.6,4385
30,12,2020,0,15.6,5,11.2,83.8,168.9,4671
31,12,2020,0,16.4,6,9.4,89.4,164.6,4665
1,1,2021,0,18.1,3.7,11.2,79.2,161.3,5021
2,1,2021,0.911,19,7.8,16.6,77.8,97.2,4315
3,1,2021,36.462,17,11.1,16.6,90.1,122.1,4096
4,1,2021,5.598,21.6,12.2,18.4,94.2,124.5,4489
5,1,2021,1.28,20.6,14.5,14.8,93.8,112.9,4332
6,1,2021,57.552,20.3,15,12.6,95.2,125.4,4394
7,1,2021,0,19.4,12.5,11.2,90.6,126.9,4207
8,1,2021,0,16.3,11.4,9.3,92.2,130.8,4577
9,1,2021,0,19.4,11,11.2,90.5,148.1,4157
10,1,2021,0,15.2,9,16.6,86.8,179.1,4223
11,1,2021,0,16.6,7,16.6,86.2,178,4570
12,1,2021,0,16,6.2,16.2,85.5,178.2,4691
13,1,2021,0,16.1,4.9,11.9,84.4,180.8,4811
14,1,2021,0,19,4.5,7.6,84.1,169.5,4840
15,1,2021,0,21,7.8,7.6,85.6,174.7,4832
16,1,2021,0,16.9,8,10.8,89.4,157.5,4509
17,1,2021,0,14.1,6,20.5,90.6,157.2,4643
18,1,2021,0.1,19.2,10,13,86.9,106.3,4789
19,1,2021,0,19.7,8.9,14.8,88.5,172.8,4719
20,1,2021,0,19.3,9,19.4,83.9,183.9,4798
21,1,2021,0,23,9.8,20.5,75.4,188.8,4634
22,1,2021,0,17.8,5.8,11.5,87.4,187.7,4922
23,1,2021,0,19.6,9,16.6,84.1,181.3,4462
24,1,2021,0,15,9.4,14.8,92.7,171.1,4543
25,1,2021,0,17,8.7,13,88.7,179.1,4834
26,1,2021,0,19.6,6.6,13.7,77,192.2,3837
27,1,2021,0,20.5,7.3,14.8,76.2,195.7,4610
28,1,2021,0,19,6.1,9.4,75.4,197,4591
29,1,2021,0,19.9,6.1,18.4,77.2,197.5,4870
30,1,2021,0,20.8,6,17.8,72.7,200.7,4405
31,1,2021,0,22.8,5.5,9.4,67.7,200,4379
1,2,2021,0,25.6,7.8,11.3,62.6,199,4442
2,2,2021,0,26,9,9.4,70.9,200,4349
3,2,2021,0,25.5,12,14.8,76,194.1,4310
4,2,2021,1.077,21.9,12.3,15.7,87.6,164,4116
5,2,2021,0,21,9,11.2,80.6,188.5,4486
6,2,2021,0,22,9.4,18.4,80.2,205.2,4024
7,2,2021,0,22.8,9,18.4,81.8,207.1,3977
8,2,2021,0,23.7,9.8,13,78.7,207.9,4110
9,2,2021,0,25,10,9.4,75.8,207.2,4095
10,2,2021,0,28.3,11.9,13,72.1,209.8,4060
11,2,2021,0,24,11,16.6,80.7,212.5,3870
12,2,2021,0,26.3,12,11.2,79,178.9,4126
13,2,2021,0,26.6,14,8.6,79.1,210.2,3833
14,2,2021,0,27.8,11.2,6.1,74.4,213.2,3793
15,2,2021,0,28.6,11.3,12.6,74.4,204.5,3775
16,2,2021,0,28.8,13.2,7.6,74.8,216,3780
17,2,2021,0,26.8,12.2,9,73.8,218.3,3732
18,2,2021,0,27.6,11.4,8.5,73.6,219.6,3702
19,2,2021,0,25.6,11.2,15.9,77.6,222,3938
20,2,2021,0,26.5,12,11.9,76.7,224,3618
21,2,2021,0,27.7,11.8,15.2,75.2,227.5,3570
22,2,2021,0,28.8,13,15.1,72.3,223.5,3701
23,2,2021,0,30.7,13,12.6,67.3,227.2,3615
24,2,2021,0,31.8,13.2,13.3,65.3,232.8,3685
25,2,2021,0,32.6,15.2,16.5,67.1,233.6,3580
26,2,2021,0,32.6,15,16.6,64.4,233.6,3840
27,2,2021,0,31.3,19,17.7,59.4,235.5,3365
28,2,2021,0,31.6,17.4,14.1,52.8,235.4,3308
1,3,2021,0,28,13.4,21.6,58.8,247.8,3449
2,3,2021,0,28.1,13,26.5,57.7,250.4,3494
3,3,2021,0,30.8,13,15.6,57.6,247.8,3564
4,3,2021,0,33.6,14.2,9.7,57.1,246.7,3509
5,3,2021,0,30.8,14,19.3,60.8,252.7,3701
6,3,2021,0,31,16,15.8,60.2,253.3,3291
7,3,2021,0,33.4,16.7,13,61.5,248.2,3258
8,3,2021,0,31.8,20.8,16.6,63.7,243.1,3517
9,3,2021,1,33.6,20.7,16.6,67.5,234.8,3651
10,3,2021,0,32.6,19.4,14.8,60.8,220.5,3709
11,3,2021,0,34.6,18.2,13.8,63.5,255,3631
12,3,2021,2.881,30.6,20.3,27.7,52.6,184.4,3681
13,3,2021,7.656,30.8,17,11.2,59.7,248,3352
14,3,2021,0,31,16.6,17.7,61.8,264,3251
15,3,2021,0,31.7,17,18.4,60.5,251.2,3546
16,3,2021,0,31.6,19,15.1,61.7,266.4,3593
17,3,2021,0,33.8,18,14.8,55.3,255.7,3612
18,3,2021,0,34,18.9,11.2,52.5,244.9,3664
19,3,2021,0,34,20.5,14.8,48,242.9,3684
20,3,2021,0,32.9,18,18.3,50.7,269.4,3454
21,3,2021,0,34.8,18,14.8,51.7,261.6,3372
22,3,2021,0,31,21.5,27.7,46.5,247,3656
23,3,2021,0,28.1,21.3,24.1,48.9,246.3,3612
24,3,2021,0,32.5,18.2,20.5,45.4,268.1,3626
25,3,2021,0,29.8,16,17.8,55.8,284.9,3527
26,3,2021,0,31.8,16,18.4,55,284.9,3622
27,3,2021,0,34.6,18,42.3,57,281.6,3453
28,3,2021,0,36.8,19.2,10,50.9,282.2,3157
29,3,2021,0,39.8,22.5,18.4,41.5,286.8,2831
30,3,2021,0,37.8,21.4,31.4,39.4,293.7,3390
31,3,2021,0,34.7,21,21.3,35,301.6,3610
1,4,2021,0,34,19,22.8,22.5,305.9,3549
2,4,2021,0,33.9,16,12.4,27.5,303.1,3508
3,4,2021,0,34.8,14.7,16.4,23,303.8,3383
4,4,2021,0,36.8,16.9,18.3,27.9,300,3292
5,4,2021,0,38.8,21,13.4,28.7,290.6,3735
6,4,2021,0,38,22.6,14.8,30.4,280.9,3908
7,4,2021,0,36,23.4,18.4,31.6,287.8,4040
8,4,2021,0,34.9,21,15.7,26.4,307.1,3829
9,4,2021,0,36.2,17.2,18.4,25.5,305.5,3902
10,4,2021,0,36.9,19.5,16.6,22.9,308.8,3600
11,4,2021,0,38.5,19.7,18.4,23.8,308.1,3524
12,4,2021,0,38.7,20.9,18.4,28,295.4,4061
13,4,2021,0,39.4,21,18.5,28.5,286.8,4141
14,4,2021,0,39.6,22.8,18.4,25,277.4,4085
15,4,2021,0,40.1,24,19.8,23.9,295.4,4355
16,4,2021,0.894,39.6,21,37.1,39.5,269.7,4372
17,4,2021,0,33,19.8,21.2,54,283.1,3228
18,4,2021,0,35.2,20.3,16.6,40.8,301.7,3347
19,4,2021,0,37,20.9,18.4,33.8,310.5,3829
20,4,2021,0,33.8,21.7,37.1,34.7,237.6,3481
21,4,2021,0,32.7,20,16.6,47.7,302,2998
22,4,2021,0,33,21,16.6,45.3,304.7,2997
23,4,2021,0.51,31.9,22.8,24.1,44.6,264,2907
24,4,2021,0,32.8,18.6,22.3,33.8,321,2757
25,4,2021,0,36.7,20.2,22.3,32.2,324,2979
26,4,2021,0,39.7,19.1,18.4,30.2,324,3261
27,4,2021,0,41.2,22.6,20.5,30.1,312.9,3617
28,4,2021,0,42,23.7,22.3,27.9,312.6,3871
29,4,2021,0.766,41.9,25.3,18.4,26.8,307.6,3995
30,4,2021,0,39.3,24.7,18.4,28.9,300.4,4008
1,5,2021,0,40.6,29.3,22.3,28.5,277.1,4067
2,5,2021,0,38.8,26.7,18.4,30.4,241.4,4071
3,5,2021,0,38.7,26,18.4,30.2,281.5,4226
4,5,2021,0.03,40.4,26.4,16.6,31.7,281.5,4293
5,5,2021,0,39.4,26.6,20.5,38,283.7,4514
6,5,2021,0.445,38.9,23.8,20.5,51.5,285.6,4420
7,5,2021,0.299,35.2,23,11.2,51.8,291.8,3759
8,5,2021,0,38.3,24.4,13,40.6,288.2,3901
9,5,2021,0.299,39,26.2,18.4,42.4,283.3,3861
10,5,2021,0.68,36,26,20.5,41.4,307.1,3990
11,5,2021,0.766,39,25.7,22.6,40.4,294,4056
12,5,2021,0,37,24.8,27.7,39.8,286,4060
13,5,2021,0.554,33.9,22,21.8,54.9,278.3,3980
14,5,2021,0,36.5,24.4,14.8,47.2,302.5,3802
15,5,2021,0,38.5,25.1,29.5,39.8,305.2,3761
16,5,2021,0,40,24,11.2,32.1,322.1,4131
17,5,2021,0,37,26.1,14.8,31.2,171.6,4216
18,5,2021,0.175,31,24.9,24.1,60.6,88.6,4161
19,5,2021,62.39,25,21,22.3,94.6,41.7,3266
20,5,2021,50.188,30.6,20,22.3,79.9,189.7,2717
21,5,2021,6.448,32.1,21,22.3,76.9,300.1,2783
22,5,2021,16.448,34.5,19.8,37.1,58.5,283.4,2922
23,5,2021,0,32.9,24.2,22.3,58,311.1,2855
24,5,2021,0,36,22,27.7,45.7,328.1,3227
25,5,2021,0,39,25,20.5,33.1,333.7,3601
26,5,2021,0,39.2,24.3,20.5,28.4,330.2,4063
27,5,2021,0,40.3,24.7,18.4,35.5,329.5,4470
28,5,2021,0,38,26.8,18.4,50.6,318.3,4851
29,5,2021,0,37,28,23.9,50.1,312,4744
30,5,2021,0.045,36.8,27,28.8,51.4,310.8,4505
31,5,2021,0.045,38.6,26.2,9.9,43.7,307.8,4959
1,6,2021,14.299,32.8,20.8,27.7,68.7,248.2,4614
2,6,2021,0,36,23.7,18.4,58,283.6,4151
3,6,2021,0,38,26,13,52,285.1,4704
4,6,2021,5.39,38.6,23,29.1,60.9,301.9,4617
5,6,2021,0.47,37.2,25,20.4,61.3,285.1,4061
6,6,2021,0,37.4,25.6,11.2,58.3,292.1,4980
7,6,2021,0,39.5,27.8,18.4,47.4,281.7,5559
8,6,2021,0,41.1,30,25.7,43.8,308.7,5906
9,6,2021,0,41.5,31,18.3,40.8,291.9,6329
10,6,2021,1.149,38.8,27.8,18.4,60,255.8,6499
11,6,2021,5.955,38,24,18.4,66.5,253.3,5880
12,6,2021,0.639,35.3,25,27.7,67.7,261.4,5726
13,6,2021,0.149,34.5,26,20.5,70.8,235.4,5147
14,6,2021,0,37.7,27.5,14.8,61.5,287.1,5712
15,6,2021,0,37.9,28,23.3,60.5,270.9,5844
16,6,2021,0.015,32.7,27,14.8,70.1,225.3,5292
17,6,2021,0,35.7,28,18.4,67.8,269.4,5314
18,6,2021,0,35.8,27,20.5,70.8,245.3,5406
19,6,2021,0,34.5,27.2,18.4,70.3,228.6,5076
20,6,2021,0.34,34,26.8,15.7,77.8,214.1,4996
21,6,2021,0,37,27,13,66.8,276.3,5713
22,6,2021,0,40,29.2,14.8,49.8,285,5975
23,6,2021,0,40.1,29.7,18.4,42.5,297.2,6351
24,6,2021,0,38,29.7,18.4,63.4,280.4,6540
25,6,2021,0.896,39,27,27.7,53,292.3,6088
26,6,2021,4.253,38,27,22.1,60.3,274.7,5726
27,6,2021,0,39,28.4,13,55.4,276.5,6096
28,6,2021,0,39.3,29.4,13,54.2,296.3,6433
29,6,2021,0,42,29.5,24.1,46.7,305.4,6592
30,6,2021,0,43,30.6,27.7,36.8,299.1,6921
1,7,2021,4.253,42.8,31.8,23.7,38.1,268.9,7026
2,7,2021,20.046,41,27,32.7,51,277.7,7323
3,7,2021,0,38,28,22.3,61.9,264.1,6169
4,7,2021,0,39,28,20.5,55.7,283.2,6024
5,7,2021,0,40,29,14.8,50,279.1,6519
6,7,2021,0,40,30,14.8,51.1,249.7,6807
7,7,2021,0,42,31.1,18.4,46.2,279,7107
8,7,2021,7.656,41,28.2,22.3,44.4,253,7261
9,7,2021,0,38,29.2,22.3,58.7,262.1,6889
10,7,2021,0,38.8,30,18.4,59.2,255.5,6671
11,7,2021,0,38.1,30,22.3,65.4,231.9,6568
12,7,2021,0,36.7,28.4,22.3,72.8,214.4,6512
13,7,2021,49.864,31,25.3,15.5,87.4,146.6,6097
14,7,2021,22.416,34.8,25.4,27.7,91.4,154.9,5382
15,7,2021,0,35.2,25,16.6,79.1,223.5,5690
16,7,2021,0,37.1,28.6,16.6,73.9,252.5,6349
17,7,2021,0,37.8,29,13,70.8,241.4,6363
18,7,2021,7.596,36,27.9,18.4,84.4,154.8,6047
19,7,2021,110.111,28,25,13,99.3,13.9,5397
20,7,2021,56.863,32,24.7,18.4,95.2,146,5032
21,7,2021,0,34,25,11.1,85.3,205.3,5296
22,7,2021,0,33.3,27,13,83.6,209.3,5361
23,7,2021,0,34,27.4,14.8,82.3,160.9,5583
24,7,2021,0.17,35.6,28.3,13,81.7,240.9,5699
25,7,2021,0,36.7,28,14.8,75.1,246.1,6051
26,7,2021,0,32.8,30,14.8,83,93,5870
27,7,2021,106.078,30,27,16.6,94.6,65,5607
28,7,2021,9.136,27.8,26,14.8,96.8,54.3,4907
29,7,2021,148.012,32.2,26,16.6,92.5,89.4,5020
30,7,2021,38.669,31.9,26,27.7,94.8,73.2,4934
31,7,2021,0,34.2,26,14.8,85.4,175.9,4945
1,8,2021,39.656,31.7,24,14.8,92.5,209.7,4825
2,8,2021,2.688,32,27,18.4,91.5,150.2,4906
3,8,2021,0.075,33.5,27,24.1,83.7,228,5151
4,8,2021,0,34,27.7,18.4,78.5,247.3,5232
5,8,2021,0,34.8,27,18.4,80.5,217.6,5459
6,8,2021,0,35.7,28,9.4,78.2,245.2,5766
7,8,2021,4.343,32.2,28,13,87.3,161.3,5531
8,8,2021,12.208,32.3,26.8,16.6,91.8,184.9,5087
9,8,2021,0,33.3,26,13,89.2,206.7,5183
10,8,2021,0,35.6,26,22.3,76.8,266.5,5575
11,8,2021,0,35.5,28,25.9,72.4,285.4,5758
12,8,2021,0,35.5,28.3,20.5,67.6,273.7,5961
13,8,2021,0,35.8,28,18.4,67.8,260.3,6039
14,8,2021,0,36.1,28,18.7,66,255.5,5953
15,8,2021,0,36.5,29,18.4,63.8,264.8,5846
16,8,2021,0,37,29,16.7,65.5,263.7,6369
17,8,2021,0,37.7,30,16.6,68.2,261.8,6550
18,8,2021,0,37.6,29,14.8,65.9,261.1,6511
19,8,2021,0,36,29.7,13,70.9,234.9,6408
20,8,2021,9.253,31,26,18.4,91.6,92.3,6096
21,8,2021,130.98,31,25,18.4,95.3,86.5,4827
22,8,2021,0,34,26,14.8,87.3,156.4,4880
23,8,2021,2.552,34.2,28,11.2,85.5,208.5,5539
24,8,2021,0,34,28.9,14.8,82.1,122.1,5814
25,8,2021,0,36,29,28.2,70.6,259.5,5828
26,8,2021,0,34.7,28,21.5,66.5,246.2,5599
27,8,2021,0,35.3,27.5,18.4,66.6,225.1,5762
28,8,2021,0,35,28,14.8,70.8,195.6,5609
29,8,2021,0,34,27,14.8,82.7,194.2,5341
30,8,2021,0,33,26,14.8,83.8,214,5129
31,8,2021,78.026,28,24,14.8,96.1,178.7,4947
1,9,2021,104.598,27,23,20.5,98.2,87,4312
2,9,2021,39.76,32,24,13,92.4,193.3,4724
3,9,2021,5.231,34,26,14.8,84.3,181.8,5204
4,9,2021,0,32,26,14.8,89.7,144.2,4592
5,9,2021,0.448,33.6,26.7,11.4,82.8,191.4,4836
6,9,2021,5.104,35,28,10.8,83.2,220.1,5528
7,9,2021,4.403,33.2,27,16.6,86.8,154.3,5548
8,9,2021,0,32.4,27,18.4,84.3,184.9,5257
9,9,2021,4.253,33.3,27.9,17.8,84.2,166.7,5154
10,9,2021,11.135,32.6,25,20.5,91,168.9,5150
11,9,2021,127.15,26.2,24,18.4,98,75.5,4526
12,9,2021,0.979,32.9,24,18.4,94.6,129.8,4055
13,9,2021,1.851,33,25,23.6,93.5,145.6,4888
14,9,2021,0.747,34.7,24,20.3,85.6,207.7,4798
15,9,2021,0,34.6,25.8,18.4,80.6,203,4909
16,9,2021,12.104,29,24,11.2,93.7,168.1,4580
17,9,2021,0,31.4,24.7,16.6,83.6,132,4494
18,9,2021,0,33.5,25,14.8,85.1,209.3,4307
19,9,2021,0,33.9,26,14.8,80.3,195.9,4604
20,9,2021,0,34.7,27,14.8,80.9,207.3,5110
21,9,2021,3.403,35.1,27,14.8,82.8,195,5305
22,9,2021,0.119,31.2,25,15.5,89.4,117.2,4692
23,9,2021,0.766,32.2,25,16.6,87,182.2,4852
24,9,2021,3.403,34,25,14.8,85.4,168.3,4835
25,9,2021,0,32.4,25.5,9.4,84.8,210.4,4476
26,9,2021,0,32.8,25,14.8,88.6,175.7,4305
27,9,2021,0,33.6,26,9.4,82.3,210.7,4948
28,9,2021,0,34.1,26,16.6,79.9,206.8,5123
29,9,2021,0,34.4,27,16.6,79.6,211.5,5193
30,9,2021,0,34.3,26,11.2,80.6,202.9,5253
1,10,2021,1.701,33,27,11.8,81.1,198.6,5223
2,10,2021,0,34.9,27,14.8,80.5,193.6,4991
3,10,2021,0.851,35.7,27,18.3,79,199.2,5076
4,10,2021,0,35.9,26.8,14.8,72.5,211.5,5388
5,10,2021,0.851,34.9,27,16.6,74.3,183.3,5391
6,10,2021,0,34.6,26,14.1,76.9,206.7,5265
7,10,2021,0,33.7,25.3,16.6,74.7,222.9,5013
8,10,2021,0,34.9,24.6,18.4,67,224.5,4920
9,10,2021,0,35.6,23.8,14.8,61.2,227.7,4586
10,10,2021,0,35.7,23.9,14.8,60.4,224.9,4562
11,10,2021,0,36.5,23.8,11.2,57.8,226.4,4745
12,10,2021,0,35.9,23.8,13,60.3,225.7,4769
13,10,2021,0,33.5,22.7,18.4,51.7,230.3,4484
14,10,2021,0,33.5,20,20.5,55,227.8,4234
15,10,2021,0,33.8,20,10.5,59.2,223.2,3557
16,10,2021,0,33.4,21.3,7.6,66.1,216.8,4157
17,10,2021,44.491,30,22,27.7,87.2,149.3,3841
18,10,2021,41.652,23.3,20,14.8,94.9,34,3779
19,10,2021,0,30.6,20.9,20.5,82.4,201.9,3710
20,10,2021,0,31,21,16.6,73.2,215.3,3820
21,10,2021,0,32,17.9,18.3,55.7,220.2,3772
22,10,2021,0,32,18.9,18.4,60.6,215,3898
23,10,2021,0,31.7,19.8,13,66.8,208.8,3640
24,10,2021,23.714,30.5,19,18.4,73.5,161.3,3492
25,10,2021,0,28,17.4,18.4,78.7,188.3,3570
26,10,2021,0,27.2,17.6,18.4,71.7,208.5,3547
27,10,2021,0,28,16.3,14.8,68.7,207,3537
28,10,2021,0,27.9,16.4,13,67.3,206.8,3438
29,10,2021,0,29,16.5,9.4,68,206,3583
30,10,2021,0,29.3,16.8,16.6,64.3,207.1,3276
31,10,2021,0,29,17.7,12.7,64.8,203.8,3220
1,11,2021,0,30.2,15.6,11.2,60.9,201.4,3470
2,11,2021,0,29.2,16.2,14.8,62.8,195.6,3462
3,11,2021,0,30,17.6,9.4,70.1,192.5,3421
4,11,2021,0,27,16.8,9.4,79.1,184,2759
5,11,2021,0,25.8,16.8,9.4,80.3,189.2,2744
6,11,2021,0,27.4,16.3,11.6,71.7,194.7,2932
7,11,2021,0,28.5,16.2,11.2,70.4,194.2,2945
8,11,2021,0,28,15.3,12.3,62.7,194.2,3313
9,11,2021,0,28,15.4,13,59.1,192.3,3339
10,11,2021,0,29,15.4,10.6,63.3,191.9,3460
11,11,2021,0,24.9,14.8,9.4,71.5,190.4,3339
12,11,2021,0,26.5,14.4,9.4,75.3,189.3,3566
13,11,2021,0,27,13.4,9.4,63.7,188.9,3287
14,11,2021,0,26.8,12.8,9.4,56.6,189.1,3289
15,11,2021,0,25.8,12.7,7.7,61,186.8,3471
16,11,2021,0,26.3,11.8,11.2,63.1,187.1,3539
17,11,2021,0,26.2,11.8,9.4,63.3,184.4,3575
18,11,2021,0,25.6,12.4,7.6,67.5,181.9,3511
19,11,2021,0,25.2,13,11.2,68.9,177.1,3625
20,11,2021,0,25.8,15.6,9.4,63.3,136.7,3417
21,11,2021,0,26.8,13.5,14.4,60.3,180.8,3494
22,11,2021,0,26.9,12.8,24.1,64.9,183.7,3538
23,11,2021,0,25.4,12.7,13,53.8,180,3552
24,11,2021,0,27.5,11.3,9.4,65.7,176.5,3617
25,11,2021,0,26.6,12.1,7.6,69.2,171.6,3571
26,11,2021,0,26.6,12.8,7.6,71.2,171,3831
27,11,2021,0,26,12.1,11.2,77.4,168.1,3460
28,11,2021,0,26,12.2,9.4,81.3,164.3,3494
29,11,2021,0,25,12.3,13,73.8,171.7,3598
30,11,2021,0,24.9,11.9,11.2,70.1,164.5,3584
1,12,2021,0,22.3,13.5,7.6,75.6,91,3732
2,12,2021,1,19.3,14.2,13,89.3,45,3690
3,12,2021,0,22,14,11.2,87.3,94.7,3983
4,12,2021,0,25.1,12.8,11.2,75.1,162,3608
5,12,2021,0.17,24.5,13.7,9.4,77.6,142.5,3562
6,12,2021,0,24.3,15.4,14.8,79.6,144.6,3656
7,12,2021,0,24.2,12.8,16.6,76.7,166.2,3641
8,12,2021,0,23.2,11.8,13,73,166.4,3784
9,12,2021,0,22.9,10.3,11.2,76.5,164.5,3695
10,12,2021,0,22.9,11.4,18.4,73.7,164.2,3953
11,12,2021,0,22.7,10.4,13,66.6,166.9,3694
12,12,2021,0,22.6,8.6,9.4,67.1,161.2,3673
13,12,2021,0,21.5,8.6,9.4,71.7,129.8,3825
14,12,2021,0,21.9,9.7,9.4,77.4,156.5,3883
15,12,2021,0,21.5,10.1,16.6,75.3,166,4011
16,12,2021,0,19.7,10.4,13,71,118.9,4000
17,12,2021,0,19.7,9.9,16.6,70.4,169.3,4329
18,12,2021,0,17,7,27.7,75.1,166.7,4078
19,12,2021,0,18.2,5,16.6,67.6,168.7,4137
20,12,2021,0,19.7,4.9,11.2,64.9,166.5,4418
21,12,2021,0,21.7,6.1,9.4,65.3,163.1,4385
22,12,2021,0,22.8,7,16.6,65.4,161.9,4468
23,12,2021,0,22,8.1,13,70.3,148.6,4363
24,12,2021,0,22.3,8.8,11.2,76.6,156.7,4568
25,12,2021,0,23,9,7.6,80,158.9,4196
26,12,2021,1.299,20.7,11.5,11.2,88,70.5,4103
27,12,2021,0,21.7,11.6,9.4,80.5,150.6,4300
28,12,2021,1.85,17,10.9,7.6,88.7,100.9,4233
29,12,2021,0,20.4,10.2,14.8,82.9,152.1,4385
30,12,2021,0,18.4,6.1,9.4,70,143.3,4292
31,12,2021,0,18,5.6,9.4,76.4,167.8,4685
1,1,2022,0,19.5,6.3,9.4,80.7,165.9,4487
1,1,2022,0,19.7,7.5,8,80.9,157,4089
1,1,2022,0,20.6,7.5,13,76.1,163.7,4521
1,1,2022,0,22.5,9.8,7.6,71.1,152.3,4490
1,1,2022,7.637,15,12.2,22.3,91.8,24.6,4318
1,1,2022,0,20,12,14.8,88.8,92.9,4319
1,1,2022,0,18.9,14,20.5,90.2,82.7,4659
1,1,2022,48.838,16.5,15,22.3,96.9,36.7,3358
1,1,2022,7.402,16,12,16.6,97.2,72.3,3808
1,1,2022,0,16.9,9.9,11.2,92.3,133.1,4577
1,1,2022,0,16.9,8,16.6,91.5,140.1,4543
1,1,2022,0,17,8,10.8,88.6,149.2,4666
1,1,2022,0,16.3,7.4,5.4,91.2,149.6,4616
1,1,2022,0,14.8,7.2,11.2,94.6,145.1,5104
1,1,2022,0,13.5,8.2,14.8,93.9,158.2,4051
16,1,2022,0,15,8,9.4,87.5,156.9,4163
17,1,2022,0,16,9,7.6,88.5,127.4,4925
18,1,2022,0,14.6,9,14.8,92.2,158.9,4946
19,1,2022,0,17,8,11.2,89.4,145.3,5077
20,1,2022,0,18.1,10,13,92.4,142.7,4836
21,1,2022,0,19,9.9,9.3,90.4,158.9,5081
22,1,2022,23.553,15,11,20.5,94.3,60.1,3976
23,1,2022,1.195,15,10.4,20.5,94.4,94.1,4191
24,1,2022,0,15,9,7.6,93.5,158.1,4892
25,1,2022,0,13.4,8,13,94.5,164.6,4973
26,1,2022,0,15.8,7.1,14.8,92.5,151.3,4225
27,1,2022,0,18,7.6,18.4,83.9,170.9,4773
28,1,2022,0,19.5,7,22.3,76,174.5,5037
29,1,2022,0,21.3,7.1,14.9,73.8,172.7,4423
30,1,2022,0,21.2,9,27.7,78.2,175,4391
31,1,2022,0,22.9,8.3,13,78.9,175.7,4586
1,2,2022,0,19.9,8.6,13,89.2,174.1,4611
2,2,2022,0,21,10,14.8,83.2,178.1,4718
3,2,2022,0.77,14.1,11,22.3,89,105.3,4582
4,2,2022,0,17.6,10,14.8,87.3,133.9,4985
5,2,2022,0,19.6,8,8.2,82.4,181.9,4717
6,2,2022,0,22.8,6.4,10.6,72,184.8,4326
7,2,2022,0,25.6,10.4,9.4,72.1,181.8,4420
8,2,2022,0,25.6,12.2,9.4,77.3,177.8,4168
9,2,2022,14.208,21.5,13,14.8,84.6,153.7,4268
10,2,2022,0,22.6,10.4,18.4,74.5,185.5,4200
11,2,2022,0,21.8,9.2,26,69.7,195.5,4345
12,2,2022,0,22.8,9.8,21,66.7,198.1,4038
13,2,2022,0,27.3,8.5,7.6,65.5,196.2,3973
14,2,2022,0,26.6,9.4,10.9,64.6,195.9,3981
15,2,2022,0,25.8,10.5,13,58.3,194.7,3931
16,2,2022,0,25.3,10.5,10.1,68.5,197.7,4045
17,2,2022,0,26.6,12.1,8.6,66.4,201.5,3858
18,2,2022,0,27.8,10.5,13,61.6,202.1,4028
19,2,2022,0,25,12.2,12.3,64,203.8,3631
20,2,2022,0,23.8,12,21.6,69.4,205.8,3856
21,2,2022,0,25.8,10.4,16.6,57.4,210.4,3775
22,2,2022,0,25.9,10.9,27.7,58.6,205,3782
23,2,2022,0,23.8,15,22.3,78.2,185.5,3883
24,2,2022,0,25.8,13.5,16.1,72,170.3,3823
25,2,2022,2.149,27,13.4,20.5,71.7,205.4,3910
26,2,2022,6.805,23.6,15.1,27.7,70.8,207.2,3676
27,2,2022,0.925,25.4,14,14.4,66.9,213.9,3615
28,2,2022,0,24.8,12,14.8,62.7,220.9,3705
1,3,2022,0,25,11.2,12.3,68.6,219.3,4040
2,3,2022,0,26.8,12.4,14.4,68.7,219.9,3744
3,3,2022,0,28.8,15.6,16.6,63.7,211.1,3640
4,3,2022,0,25,16,16.6,73.3,219.5,3837
5,3,2022,0,25.6,13,20.5,71.6,225.7,3489
6,3,2022,0,27.1,14.8,10.6,70,187.7,3565
7,3,2022,0,29,16,11.2,63.8,232.4,3628
8,3,2022,0,29.9,17,18.4,62.9,210.1,3602
9,3,2022,0,30.6,16,18.4,56.2,226.2,3619
10,3,2022,0,29,17,21.1,57,221.9,3597
11,3,2022,0,29,16.7,22.3,65.2,231.6,3742
12,3,2022,0,30.6,16,22.3,58.9,235.6,3547
13,3,2022,0,31.6,17.7,16.6,61.9,232.3,3389
14,3,2022,0,32.6,18.5,14.8,68.1,234.3,3598
15,3,2022,0,34,20.2,18.4,69.5,233.3,3735
16,3,2022,0,34.3,21,24.4,65.1,236.3,3881
17,3,2022,0,34.5,21.3,9.4,66.2,237.4,3838
18,3,2022,0,34.5,22.9,14.5,70.7,238.4,2902
19,3,2022,0,36.2,21,11.2,64.3,241.7,3451
20,3,2022,0,37.1,23.5,13,49.7,242.8,3568
21,3,2022,0,36.1,22.1,18.4,54,245.9,4095
22,3,2022,0,34.2,22,25.9,51.2,251.4,3979
23,3,2022,0,35,20.3,13,50.1,269.2,4014
24,3,2022,0,34.8,21,19.5,42,266.7,4021
25,3,2022,0,34.5,20.6,18.4,51.5,270.3,4208
26,3,2022,0,37.7,20,27.7,44.2,274.3,3855
27,3,2022,0,37.2,21.2,14.7,23.9,277.6,3644
28,3,2022,0,38.2,21,18.4,34.8,278.8,4104
29,3,2022,0,40,20.3,18.4,31.9,279.9,4308
30,3,2022,0,39,21.2,9.5,34.4,279.1,4475
31,3,2022,0,38.6,21.7,13.2,34.4,278.5,4648
1,4,2022,0,36,23.9,14.8,29,289.5,4469
2,4,2022,0,39,19.7,11.2,28.1,290.4,4170
3,4,2022,0,39,21.4,18.4,26.1,293.7,4219
4,4,2022,0,38,21.4,18.4,24.6,297.2,4537
5,4,2022,0,38.4,20.8,19.6,26.7,293.4,4638
6,4,2022,0,40,21.1,18.4,23.9,287,4762
7,4,2022,0,40,21.3,15.2,25.2,300.3,4902
8,4,2022,0,42,21.8,18.4,23.1,295,5036
9,4,2022,0,41.6,22.2,16.6,23.5,294.9,4832
10,4,2022,0,42,25.9,18.4,20.9,300,4969
11,4,2022,0,42,24.6,18.4,22.8,292.7,5460
12,4,2022,0,39,24.9,18.4,22.3,223.2,5231
13,4,2022,0,39.9,23.5,14.8,26,294.8,5291
14,4,2022,0.149,38.6,27,27.7,23.1,291.2,5058
15,4,2022,0,40,25.5,14.8,27.1,297.7,5069
16,4,2022,0,40,23.7,20.5,30,300.7,5012
17,4,2022,0,39.9,24.2,9.4,28.2,296.7,5227
18,4,2022,0,42,24.4,9.4,27,299.9,5640
19,4,2022,0,43,25.3,18.4,25.8,295,5735
20,4,2022,0,41,27,19.8,21.6,294.6,5761
21,4,2022,0,36,25.8,18.4,28.7,201.8,5657
22,4,2022,0.285,38,24.6,27.7,29.3,296,5354
23,4,2022,0,40,22.8,18.4,25.8,304.9,5091
24,4,2022,0,39,23.9,21,23.6,302.2,5229
25,4,2022,0,40.1,24.7,46.4,22.2,303.6,5589
26,4,2022,0,39.8,27.4,16.6,22.6,305.3,5681
27,4,2022,0,42,24.2,20.5,23.7,310.2,5786
28,4,2022,0,43,23.7,18.4,23.3,310.1,6050
29,4,2022,0,43.3,27.6,16.7,20.2,307,6197
30,4,2022,0,43.2,27.5,14.8,17.8,308.5,6036
1,5,2022,0,40,28.2,22.3,32.4,307.4,6048
2,5,2022,0,40,28.4,22.3,41.7,306.3,6247
3,5,2022,0,37.7,29,20.5,49.2,304.1,6237
4,5,2022,0.97,37.2,24,27.7,54.8,288.3,6129
5,5,2022,0,37,23.5,9.8,53.2,306,5409
6,5,2022,0,38,25.7,17.9,44.5,281,5549
7,5,2022,0,39.3,27.3,11.2,36.2,312.4,5519
8,5,2022,0,40,27.5,18.4,39.6,315.1,5833
9,5,2022,0,39.3,28.5,20.5,45.3,312.8,6151
10,5,2022,0,38.9,29.8,22.3,45.9,307.5,6270
11,5,2022,0,40.4,29,14.8,44.4,307.9,6596
12,5,2022,0,43,30,16.6,41.8,310.4,6800
13,5,2022,0,44,28.8,18.4,45.9,317.4,6829
14,5,2022,0,44,29,18.3,28.4,324.8,6720
15,5,2022,0,45.3,27.6,20,21.3,321.6,6732
16,5,2022,0,41.6,31.3,20.6,18.1,256.8,6688
17,5,2022,0,42,28.4,13,31.2,319.6,6786
18,5,2022,0,41,31.6,27.7,31,318.8,6665
19,5,2022,0,43,28.8,14.8,32.6,320.5,7070
20,5,2022,0.525,44.1,29.6,27.7,30.6,319.7,6835
21,5,2022,0.979,42.2,26.7,26.9,30.8,275.7,6433
22,5,2022,0,39.2,24.6,20.5,44.9,316.6,6095
23,5,2022,18.988,31,18,40.7,71.2,286.7,6052
24,5,2022,17.357,32,20,63,75.1,315.8,4520
25,5,2022,0,33.8,24.6,13,66.6,316,4822
26,5,2022,0,36,25,11.2,59.1,317.1,5214
27,5,2022,0,38.8,27,28.2,50.5,311.7,5811
28,5,2022,0,40,28.2,13,46.6,308.4,6239
29,5,2022,0,41,29,14.8,50.4,324.7,5972
30,5,2022,15.371,39.8,25.1,16.6,59.4,324,6461
31,5,2022,0,39.2,24.5,9.4,49.2,332.5,6173
1,6,2022,0,41.8,26.8,11.2,38.7,328.4,6235
2,6,2022,0,41.5,28.7,10.8,32.8,330.8,6530
3,6,2022,0,43.2,27.2,15.4,28.5,333.7,6611
4,6,2022,0,45,29.3,16.6,27,333.5,6576
5,6,2022,0,44,30.5,17.4,20.8,326.1,6704
6,6,2022,0,44,29,18,23.8,328.3,6839
7,6,2022,0,43.2,30.8,23.2,22.2,325.5,6926
8,6,2022,0,44,31.9,29.6,21.5,325.3,6924
9,6,2022,0,44,30.2,16.3,24.6,319.6,7166
10,6,2022,0,43.2,32,30.4,26.1,321.3,7129
11,6,2022,0,44,32.1,27.4,22.1,322.1,6990
12,6,2022,0,43,32,21.1,24.7,323.7,7047
13,6,2022,0,43,33.2,16.6,29.2,315.5,7310
14,6,2022,0,39.2,32,21.4,38,311.5,7144
15,6,2022,0,42,30,23,39.3,314.6,7334
16,6,2022,0.74,39.6,28.2,23.2,46.1,264.5,7188
17,6,2022,17.506,36,25,19.3,70.8,269.7,6708
18,6,2022,0.618,32,26.1,18,74.1,129.4,5325
19,6,2022,0.06,31,25.2,16.6,74.4,279.4,5187
20,6,2022,0,32.3,25,14.4,65.6,318.5,5074
21,6,2022,0.51,34,26.3,18.4,61.2,304.5,5368
22,6,2022,0,38,25,18.4,59.3,313,5572
23,6,2022,0,38,27.2,20.5,48.1,322.6,5670
24,6,2022,0,40,27,14.8,38.6,332.7,5794
25,6,2022,0,40,26.8,14.8,34.8,331.1,5961
26,6,2022,0,39.9,29.9,24.1,48,303.8,6765
27,6,2022,0,39.9,31.2,18.4,51.1,269,7249
28,6,2022,0,41,31.5,16.6,53.1,273.2,7601
29,6,2022,0,40,30.3,18.4,53.8,215.3,7695
30,6,2022,104.603,32,24.9,20.5,88.2,102.1,7130
1,7,2022,1.701,31,25.6,13,88.6,212.6,5352
2,7,2022,0.7,36.1,27,15.3,72.9,205.5,5684
3,7,2022,0.085,36.5,27.6,15.8,57.4,181,5941
4,7,2022,0.51,36,28.7,11.2,64.1,228.5,6629
5,7,2022,0,37.2,30.4,13.7,64.5,247.1,7025
6,7,2022,0,37.8,30.4,18.4,63,303.6,7369
7,7,2022,0,38,31.4,18.4,59.3,299.8,7360
8,7,2022,0,38.2,31,14.8,54.8,292.1,7517
9,7,2022,0,35,28.7,22.3,66.5,232.1,7203
10,7,2022,0,34,28.3,18.4,73.6,69.2,6171
11,7,2022,0.851,36,28.7,16.9,67.9,302,6541
12,7,2022,2.149,33,28,14.7,80.1,195.8,6330
13,7,2022,0,36,28,13,73.3,239.5,6358
14,7,2022,0.03,38.6,29.4,16.6,67.6,241.5,6341
15,7,2022,0,37,28.6,20.5,63.7,226,6836
16,7,2022,18.058,35.4,25.8,22.3,80.4,176.2,6685
17,7,2022,10.552,34.1,25.9,15.3,81.9,255.6,6095
18,7,2022,0,37.1,28.9,13,68.8,229.2,6930
19,7,2022,10,37,29,17.1,73.5,208.5,6833
20,7,2022,60.975,34.8,25.3,22.3,84,205.7,6573
21,7,2022,0.7,32.4,25.9,11.2,84,181.9,5821
22,7,2022,7.09,32.8,27.8,15.4,86.7,254.8,5723
23,7,2022,0.568,33.1,26.9,18.4,85.6,177.9,5542
24,7,2022,3.285,34.4,27,22.5,82.5,221.9,5690
25,7,2022,2.197,34,27,21.5,80.3,170.9,5857
26,7,2022,0,32.8,27,20.5,81,166.5,5912
27,7,2022,0,33.6,27,16.6,80,199.6,5990
28,7,2022,17.162,32,26.9,11.2,86.3,211.8,5749
29,7,2022,2.448,32,26,11.2,89.2,185.3,5534
30,7,2022,15.76,31.6,26.4,16.6,86.9,120,5015
31,7,2022,11.422,32,26,11.2,84.3,234.2,5104
1,8,2022,0,34,27.3,13,79.6,253.6,5517
2,8,2022,0,35,27,29,75.9,224.4,6119
3,8,2022,5.955,34,28,14.8,76.1,191.5,6047
4,8,2022,4.928,32.7,27,18.4,84.6,228.3,5857
5,8,2022,10.577,30,26.9,13,92.1,227.8,5482
6,8,2022,0,33,27,11.2,84.5,167.3,5600
7,8,2022,6.63,30,26,27.7,93.3,149.6,5422
8,8,2022,0,34.3,26,9.4,79.9,243.5,5843
9,8,2022,0.134,35.6,28,16.6,75.3,214.4,6303
10,8,2022,0,35.7,29,15.5,68.9,285,6446
11,8,2022,0.03,32,27,18.5,73.9,110.5,6339
12,8,2022,0,36,27.3,20.5,71.1,282.4,5925
13,8,2022,0,34.1,28,16.6,73.4,276.5,5918
14,8,2022,5.747,32.5,27,11.2,86.6,171.5,5775
15,8,2022,0,34,27,18.4,81.3,75.9,5172
16,8,2022,2.448,32.4,27.7,37.1,78.7,234.8,5224
17,8,2022,0,33.3,26,22.3,76.8,255,5546
18,8,2022,0,34.5,26.9,11.9,76.1,226.8,5841
19,8,2022,0,34.7,28,17.4,71.6,228.8,5684
20,8,2022,6.851,32,27,13,80.8,160.8,5638
21,8,2022,1.344,35,27.9,11.2,76.7,206.7,6069
22,8,2022,0,35.2,28.9,22.3,74.3,263.5,6298
23,8,2022,0,33.6,28,27.7,71.4,274.3,6107
24,8,2022,5.104,33,27,16.6,80.9,200.4,5803
25,8,2022,0,34,26,11.2,72.3,226.6,5939
26,8,2022,0,35,27,14.8,73,196.5,6120
27,8,2022,0.17,35,27,20.1,70.2,167.1,5911
28,8,2022,0,34.2,27,17.9,65.9,174.3,5984
29,8,2022,0.851,34.8,26,18.4,66.9,182.7,6120
30,8,2022,1.514,35,26.7,16.6,77.4,237,5931
31,8,2022,0,37,27,14.8,66.9,177.9,6241
1,9,2022,0,36.5,28,11.2,66.3,139.6,6508
2,9,2022,7.656,35.3,28,13,62.9,242.8,6471
3,9,2022,0,36,28,22.3,58.2,266.4,6346
4,9,2022,0,37,28,16.2,56.6,267.3,6386
5,9,2022,0,37,27,13.2,58.7,265.2,6472
6,9,2022,0,36,28,14.8,59.4,263.3,6506
7,9,2022,0,36.5,27.6,11.2,59.3,261.7,6532
8,9,2022,0,36.2,28.3,9.4,61.8,259.3,6652
9,9,2022,0,37,27.9,16.6,64.8,250.9,6687
10,9,2022,0,35.3,29,14.8,71.9,237,6545
11,9,2022,0,36,28.2,13,61.3,254.5,6338
12,9,2022,0,36.5,28,18.4,62.8,195.3,6485
13,9,2022,8.552,34,25,18.4,70.4,215.3,6284
14,9,2022,9.403,32,26,20.9,78.6,137.4,5948
15,9,2022,5.253,30,24,14.9,92.7,102.4,5237
16,9,2022,8.253,26,24,14.9,96.6,89.4,4675
17,9,2022,0,33.2,24,11.2,82.2,241.5,4765
18,9,2022,0,35,25.3,9.4,73.6,246.8,5119
19,9,2022,5.104,33,26.5,13,77.3,240.7,5341
20,9,2022,0.17,33.5,26.1,11.2,77.1,197,5427
21,9,2022,3.448,32.3,25.3,16.6,87.1,162,5266
22,9,2022,49.664,27.7,24.6,16.6,95.9,41.9,4776
23,9,2022,47.403,27,24,13,98.2,25.1,4647
24,9,2022,19.896,27,24.4,20.5,97.2,70,4193
25,9,2022,0,30,24.7,11.2,84.8,221.6,4028
26,9,2022,0,32.3,24.7,13,82.4,233.1,4726
27,9,2022,0,33,24.4,11.2,76.5,233.5,4805
28,9,2022,0,34,25,13,71.1,232.2,4959
29,9,2022,0,33.3,25,14.8,71.6,232.1,5051
30,9,2022,0,33.6,25,13,73.5,231,5100
1,10,2022,0,33.2,25,13,72,229.5,4723
2,10,2022,0,34.8,24.8,16.6,64.1,223.7,4510
3,10,2022,0,34.1,24,24.4,59.4,226.9,4856
4,10,2022,0,33.8,24,11.2,63.3,223.9,4990
5,10,2022,0,33.5,25.6,9.4,69.7,178.3,4697
6,10,2022,0,29.9,24,16.6,78.3,191.1,4929
7,10,2022,0.3,26.2,22.9,16.9,87.3,17.8,4536
8,10,2022,73.499,24.1,21,18.4,96.9,9.6,3848
9,10,2022,29.609,24,21,18.4,99,4.1,3472
10,10,2022,9.603,24,20.4,14.8,97.2,6.1,3827
11,10,2022,6.124,29,21.5,9.4,87.1,164.3,4007
12,10,2022,0,30,21,9.4,81.7,210.5,4078
13,10,2022,0,31.5,20.4,17.6,72.7,211.3,4067
14,10,2022,0,30.8,21,13,71.6,214.3,4102
15,10,2022,0,32,21,13,69.8,213.7,3772
16,10,2022,0,32,20.9,7.6,61,210,3556
17,10,2022,0,31.6,21.7,10.2,56,210.3,4086
18,10,2022,0,33,20,7.6,55.6,208.8,4079
19,10,2022,0,33,19.7,9.4,50.8,205,4131
20,10,2022,0,33.3,19.4,7.6,54.1,203.1,4160
21,10,2022,0,32.4,20,7.6,55.3,201.8,4124
22,10,2022,0,31,20,13,56.8,201.9,3804
23,10,2022,0,31,17.4,9.4,55,202.8,3322
24,10,2022,0,31,17.8,11.2,60.1,201.7,3103
25,10,2022,0,30,17.3,16.6,53.7,202,3297
26,10,2022,0,31.2,17.5,7.6,60.9,198,3128
27,10,2022,0,31,17.8,9.4,59.7,195,3524
28,10,2022,0,30,17.7,5.4,64.5,192.5,3751
29,10,2022,0,30.5,18.3,9.2,68.2,193.7,3556
30,10,2022,0,30,17.8,9.4,62,190.2,3289
31,10,2022,0,30,17.7,6.4,66,187.8,3607
1,11,2022,0,32,18.1,7.6,62.6,182.9,3724
2,11,2022,0,30.1,18.5,18.4,64.6,184,3789
3,11,2022,0,31,17.8,9.4,65.1,168,3784
4,11,2022,0,31,19.1,7.6,66.9,178.2,3921
5,11,2022,0,29.7,19,13,78.3,175,3687
6,11,2022,0,30.8,19.8,13,72.3,149.6,3516
7,11,2022,0,32,19.8,9.4,64.1,168.4,3734
8,11,2022,0,28,19.5,13,69.5,163,3941
9,11,2022,0,29.3,19,7.6,60.6,166.5,3763
10,11,2022,0,28.6,18.8,13,64.6,166.5,3915
11,11,2022,0,27.7,17,20.5,61.9,171.5,3831
12,11,2022,0,27.2,15.7,16.6,53.4,172,3501
13,11,2022,0,27.1,14.7,16.6,56.7,171.5,3412
14,11,2022,0,29.7,15.9,11.2,55.4,165.1,3604
15,11,2022,0,28.5,17.9,9.4,56.5,163.7,3589
16,11,2022,0,26.5,15.7,16.6,52.9,165,3640
17,11,2022,0,24.8,14,18.4,57.4,167.1,3584
18,11,2022,0,25.2,12.4,14.8,54.3,167.8,3841
19,11,2022,0,25.8,12.5,9.4,54.7,157.7,3542
20,11,2022,0,25.8,12.4,11.2,55.7,149.3,3578
21,11,2022,0,26,12.3,14.8,58.5,162.3,3615
22,11,2022,0,25.7,13,14.8,54.4,161.2,3630
23,11,2022,0,26.1,11.7,18.4,49.6,163.8,3644
24,11,2022,0,26.3,11,11.2,51.3,161.7,3727
25,11,2022,0,26.5,10.9,11.2,54.6,161.4,3778
26,11,2022,0,27.5,10.5,13,56.4,159.5,3746
27,11,2022,0,26.4,11.1,7.6,61.6,159.5,3683
28,11,2022,0,25.5,10.7,6.9,61.5,158.7,3692
29,11,2022,0,25,10.2,5.4,65.3,151.2,3670
30,11,2022,0,25.2,11.6,11.2,65.9,152.5,3812
1,12,2022,0,24.7,10.9,13,69,153.3,3732
2,12,2022,0,25.8,10.9,6.9,65.4,152.2,3899
3,12,2022,0,25.1,11.1,5.4,70,151.3,3722
4,12,2022,14.935,24.4,11.9,9.4,74.1,150.8,3389
5,12,2022,0,24.4,10.8,10.4,69.3,151.9,3731
6,12,2022,0,23,10.5,15,70.7,151.7,3788
7,12,2022,0,23.7,10.9,18.4,67.3,150.4,3900
8,12,2022,0,24,10.9,16.6,62.6,147.6,3755
9,12,2022,0,25.6,10.8,14.8,62.2,145.3,4035
10,12,2022,0,26.1,10.9,11.2,69.3,144.6,3844
11,12,2022,0,26.5,11.2,11.2,67,146.3,3973
12,12,2022,0,25.7,10.8,13,61,145.4,3858
13,12,2022,0,25.5,10.5,18.4,55.3,148,3891
14,12,2022,0,23.5,11,16.6,57.3,149.7,3988
15,12,2022,0,22.6,8.9,13,56.4,150.1,3914
16,12,2022,0,22.6,10,11.2,58.5,149,4178
17,12,2022,0,23,8.9,11.2,61.7,147.1,3939
18,12,2022,0,23,8.9,11.2,71.7,146.7,4095
19,12,2022,0,21.9,8.9,7.6,74.7,146.7,4082
20,12,2022,0,22.1,8,10.6,79,141.7,4110
21,12,2022,0,19.7,9,9.4,81.3,148,4268
22,12,2022,0,19.1,8,9.4,84.2,149,4354
23,12,2022,0,19.1,8,9.4,80.5,147.3,4658
24,12,2022,0,18.6,7,13,80.9,145.4,4374
25,12,2022,94.507,15.1,6,16.6,90.1,146.9,4547
26,12,2022,0,13,7,9.4,95.6,145.9,4839
27,12,2022,0,16.3,7,14.2,88.7,134.6,4906
28,12,2022,0,21.4,7,19.4,74.1,146.2,4964
29,12,2022,0,22.9,9.7,11.2,68.8,140.9,4741
30,12,2022,0,21.9,12,13,75.2,119.5,4899
31,12,2022,0,18.5,9.8,18.4,84.9,145.6,4516
1,1,2023,0,20.1,7.9,9.4,79.8,143.5,4614
2,1,2023,0,17,9,9.4,87.9,149.3,4635
3,1,2023,0,15.3,7.9,9.4,85.6,149.9,4890
4,1,2023,0,15,6.9,11.2,90.1,153.1,5126
5,1,2023,0,17,5.8,8.7,83,154.5,5247
6,1,2023,0,14.7,6.1,11.2,87.7,154.8,5526
7,1,2023,0,14.2,5,11.2,89.2,153,5144
8,1,2023,0,16.8,4,9.4,85.3,151.7,5214
9,1,2023,0,17.7,6.5,7.6,91.8,137.1,5485
10,1,2023,0,17,7,11.8,88.6,154.5,5516
11,1,2023,0,19,6.7,18.4,87.6,132.7,5474
12,1,2023,84.214,20.7,10,14.8,87,138.8,5178
13,1,2023,0,21,12,13,90.5,82.8,5156
14,1,2023,0,17.7,10,18.4,82,157.3,4793
15,1,2023,0,16.4,5,21.1,59.6,165.8,4831
16,1,2023,0,17.6,4.8,13,61.2,164.2,5001
17,1,2023,0,18.7,4.9,14.8,55.1,163.8,5060
18,1,2023,0,18.4,5.6,11.2,60.1,162.8,5130
19,1,2023,0,21.1,7.1,7.6,54.4,155.7,4884
20,1,2023,0,22.6,11,13,62.1,154,4943
21,1,2023,0,22.4,9.3,7.6,80,163.5,4528
22,1,2023,0,23,10,9.4,72.4,159,4678
23,1,2023,0,24.8,10,11.2,68.2,161.9,4471
24,1,2023,0,20.6,13.8,16.6,81.5,141.3,4500
25,1,2023,0,18.6,12.4,11.2,91.8,147,4561
26,1,2023,0,16.2,12,14.8,94.1,166,3997
27,1,2023,0,19.8,7,16.6,65.8,179,4735
28,1,2023,0,22.6,5,13,68.6,178.8,4416
29,1,2023,6.597,17,9.4,14.8,91.8,64.7,4477
30,1,2023,14.299,18.6,12,27.7,93.5,90.3,4633
31,1,2023,0,19.4,12,19.7,92.9,173.5,4655
1,2,2023,0,20,10,18.4,82,181.7,4667
2,2,2023,0,23.6,9,18.4,68,183.3,4451
3,2,2023,0,23.3,9,14.8,68.8,182.6,4640
4,2,2023,0,24.7,11.5,18.4,65.8,182.9,4162
5,2,2023,0,25,12,14.8,67.1,187.9,4257
6,2,2023,0,27.8,11.3,9.6,65.2,183,4139
7,2,2023,0,24.8,13,17.3,70,186.6,4097
8,2,2023,0,24,11,17.3,60.1,191.1,4197
9,2,2023,0,28.2,11,11.2,60.8,189.3,4026.3
10,2,2023,0,28.8,14,9.6,61,187.7,4100
11,2,2023,0,26.8,15.6,17.3,74.9,192.3,3844
12,2,2023,0,23,12,23.8,49.7,201,3876
13,2,2023,0,22.1,9,29.7,41.8,201.3,3990
14,2,2023,0,25.2,10.5,18.4,43.2,198.7,4036
15,2,2023,0,27,11,16.6,52.7,200.6,4113
16,2,2023,0,27.4,12.8,7.6,67.8,201.1,3958
17,2,2023,0,28.3,15.3,10.1,72.5,203.4,4085
18,2,2023,0,28.8,14.3,11.2,70.9,203.8,3944
19,2,2023,0,29.9,14.4,9,69.3,203.4,3637
20,2,2023,0,32,15.7,13,63.3,192.3,3743
21,2,2023,0,30.5,17,13,67.4,212.3,3770
22,2,2023,0,27.2,16,10.1,71.5,196,3914
23,2,2023,0,28.5,15,16.6,60.9,218.6,3716
24,2,2023,0,29.3,13.3,13.7,58.3,191.1,3949
25,2,2023,0,29.7,14.3,9.4,61.2,220.6,3675
26,2,2023,0,31.2,15.4,9.4,56.3,218.8,3613
27,2,2023,0,31.5,16.7,11.2,57,219.1,3733
28,2,2023,0,30,16,18.4,55.1,219.3,3772
1,3,2023,0.06,29,19,14.8,46.8,220.9,3776
2,3,2023,0,30.5,16.7,13,56.6,223.5,3806
3,3,2023,0,31,17,14.2,59.3,223.8,3979
4,3,2023,0,26,18.6,17.4,57.3,223.8,3617
5,3,2023,0,30.2,17.6,15.1,55,229.9,3509
6,3,2023,0,29.6,17,18.4,57.2,235.1,3653
7,3,2023,0,30.4,17.4,14.2,50.3,224.6,3656
8,3,2023,0,29.2,17.2,13,51.6,211.3,2506
9,3,2023,0,29.2,18.7,13,51,234.8,3266
10,3,2023,0,29.9,17.3,14.8,60.7,242.1,3624
11,3,2023,0,31.6,18,13,53.1,242.4,3419
12,3,2023,0,33.1,17.3,11.2,46.2,242.1,3424
13,3,2023,0,33,18.9,13,50.6,227.3,3742
14,3,2023,0,32.7,20,14.8,54.9,245.9,3775
15,3,2023,0,33.5,19.5,8.8,49.9,233.2,3756
16,3,2023,0,32.4,21.7,14.8,44.6,211.7,3916
17,3,2023,0,29,19.7,11.2,49.3,191.3,3926
18,3,2023,4.298,25,18,19,80.7,214.2,3587
19,3,2023,5.331,26,17,15.9,84,244,3468
20,3,2023,10.896,25.7,16,25.9,81.4,180.2,3716
21,3,2023,0,24,16,7.6,81.5,216.6,3682
22,3,2023,0,28,16.2,14.8,74.5,251.3,3915
23,3,2023,0,29.6,17,12.7,61.3,254.1,3693
24,3,2023,10.597,28,19,18.4,71.5,217.1,3849
25,3,2023,0,28.7,17,16.6,70.7,239.1,3532
26,3,2023,0,30.1,18.2,14.8,51.4,251.7,3415
27,3,2023,0,27.9,18,17.2,58.9,265.4,3749
28,3,2023,0,30.1,17.6,18.5,52.6,260,3708
29,3,2023,7.716,32.5,18.5,20.5,53.3,236,3738
30,3,2023,15.403,31.9,18,26.8,63.6,251.5,3534
31,3,2023,0.712,26.6,17.2,10.7,81.2,199,3793
1,4,2023,3.149,28,17,13,79.7,227,3467
2,4,2023,0,29.2,17.2,18.4,68,265.3,3388
3,4,2023,0,31.1,18.8,14.8,59.8,271.8,3638
4,4,2023,13.61,30,18.3,18.8,57.9,273.3,3607
5,4,2023,0,32,18,14.8,47.2,284.4,3730
6,4,2023,0,32,18.8,14.8,37.6,280.5,3671
7,4,2023,0,32.9,18.2,16.6,34.6,293.8,3803
8,4,2023,0,33.1,19,14.8,30.3,295,3562
9,4,2023,0,35,18.2,14.8,31.5,294,3457
10,4,2023,0,34.1,18.2,14.8,31,289.3,3872
11,4,2023,0,36.2,19.2,16.6,31,288.1,3963
12,4,2023,0,36,23.5,18.4,32.1,285.3,4189
13,4,2023,0,38,21.3,14.8,29.3,292.9,4333
14,4,2023,0,38.3,22.6,16.6,26.3,289.5,4369
15,4,2023,0,40.1,22.9,10.6,24.7,297.8,4383
16,4,2023,0,40,24.9,14.8,26.4,292.3,4406
17,4,2023,0,40,23.9,13.2,30,293.1,5135
18,4,2023,0,39,24.5,14.9,31.6,266.9,5422
19,4,2023,0,37.3,25,18.4,35.1,259.3,5308
20,4,2023,1.023,34.8,25,27.7,40,259.4,5101
21,4,2023,0,35.5,23,17.3,35.1,298.5,4762
22,4,2023,0,35.5,22.7,18.4,29.1,304,4317
23,4,2023,0,31,24,18.4,28.2,304.9,3934
24,4,2023,0,33.2,22,16.6,35,271.5,4150
25,4,2023,0,34,21.7,16.6,36.3,292,4249
26,4,2023,0,35.9,22.6,9.4,35.5,263.3,4490
27,4,2023,0,37.8,23,14.8,33.6,281.2,4714
28,4,2023,0,34,24,19.8,40.3,165.8,4428
29,4,2023,0,32.7,23.8,15.2,43.4,164.9,4155
30,4,2023,0.255,30.2,22.3,14.8,55.6,203.8,3798
1,5,2023,11.969,24.9,20,14.8,89.7,66.6,3667
2,5,2023,0.1,27.8,21,15.5,82.1,172.2,3746
3,5,2023,27.311,29.8,19.7,18.4,85.4,239.8,4069
4,5,2023,0,31,18.6,9.4,71.2,304.3,3747
5,5,2023,0,33.1,21.7,11.2,56.9,304.3,3963
6,5,2023,0,35,23,27.7,49.4,286.6,3915
7,5,2023,3.492,37,22.9,15.3,46.3,280.7,3859
8,5,2023,0,35.6,23.1,20.5,53,309.1,4634
9,5,2023,0,37,22.5,14.8,35.8,324.2,4606
10,5,2023,0,36.1,24,14.8,24.8,327.9,4630
11,5,2023,0,39.4,22.1,12.6,29,327.2,4934
12,5,2023,0,41,22.9,13,27.9,321.3,5199
13,5,2023,0,40.1,25.1,14.8,31.6,319.7,5271
14,5,2023,0,40,28.5,14.8,30.8,321.2,5236
15,5,2023,0,41,27,21.3,27.6,320.8,5733
16,5,2023,0,39,28,22.9,30.4,279.2,5781
17,5,2023,0,40.2,27.3,14.8,33.3,299,5953
18,5,2023,8.536,36,24,33.5,50.9,295.3,5595
19,5,2023,0,38,25.1,19.6,39.2,317.2,5518
20,5,2023,0,40,25.1,14.8,32.9,322,5526
21,5,2023,0,42.2,26.1,14.8,27.5,322.3,6011
22,5,2023,0,44,28.9,25.2,24.6,306.1,6532
23,5,2023,0,44,31.8,28.4,25,283.2,6916
24,5,2023,0,33,26,18.4,46.3,260.5,6141
25,5,2023,4.987,35.3,22,30.6,52.1,307.8,5360
26,5,2023,0,33.3,22.8,14.8,52.6,311.8,5116
27,5,2023,18.179,33.5,20,20.5,65,253.7,5057
28,5,2023,0,34,25,12.6,59.1,308,4833
29,5,2023,6.924,34,22.8,15.7,68.5,217.4,4892
30,5,2023,31.162,34.7,22,59.4,68.7,309.7,4951
31,5,2023,3.354,30.5,22,26.9,81.3,267.7,4512
1,6,2023,0.2,31.3,21.8,18.4,73.3,317.8,4390
2,6,2023,0,33.4,22.5,11.2,53.9,314,4624
3,6,2023,0,35.5,24.4,12.9,49,323.5,4720
4,6,2023,2.582,33,25,13.2,60.3,151.5,4970
5,6,2023,0,37.2,25.9,18.4,52.6,318,5523
6,6,2023,0.34,38,24,14.8,48.1,320.9,5561
7,6,2023,0,38,25.9,13.7,39.3,322.1,5767
8,6,2023,0,39,26,18.4,35.1,323.3,6004
9,6,2023,0,40.1,28.8,19.7,40.9,320,6497
10,6,2023,0,41,28.4,16.6,39.5,313.5,6327
11,6,2023,0.574,38,27,20.5,48.5,316.5,6236
12,6,2023,0,40,29,22.2,45.1,316.9,6829
13,6,2023,0,41.2,31.2,32.7,39.7,319,7098
14,6,2023,0,40.1,30,26,40.4,314.3,7226
15,6,2023,0,37,29,21.8,44.6,286.5,6859
16,6,2023,8.195,38.1,28,22.9,56.2,233,6774
17,6,2023,0.299,37.6,28.8,13,62,272,6540
18,6,2023,0.597,35.5,29,15.7,66.2,198,6354
19,6,2023,8.701,33.2,26,16.6,81,133.7,6276
20,6,2023,0.598,36.9,27,14.8,67.8,220.8,6387
21,6,2023,0.075,36.3,26,14.8,71.7,307.6,6480
22,6,2023,0.851,36.5,29,14.2,68.1,263.4,6907
23,6,2023,6.464,36.8,27,14.8,69.8,276.8,6971
24,6,2023,0,36.4,30,14.8,69.2,268.2,6844
25,6,2023,47.208,30,24.8,20.7,93.6,181,6298
26,6,2023,1.194,31.4,26,13,86.1,275.6,5529
27,6,2023,4.338,33.4,26,14.8,86.9,269.8,5783
28,6,2023,2.091,34.9,27,18.4,85,227.5,6047
29,6,2023,21,32.9,24.7,15.3,87.6,183.8,5676
30,6,2023,23.415,32,25,14.8,90.7,152.3,5840
1,7,2023,0,33.7,26.1,11.2,83.4,298,5686
2,7,2023,0,35.3,27,9.4,75.7,305.1,6220
3,7,2023,0,37.5,29,10.6,69.9,237,6983
4,7,2023,2.261,35,26,26.3,78.9,233.9,6693
5,7,2023,7.091,33.8,26,27.7,86,236,6680
6,7,2023,3.045,29.9,26,14.8,91.9,242,6006
7,7,2023,0,33.3,27,16.6,84.6,203.8,6202
8,7,2023,117.318,29,26,14.8,97.1,136.8,5790
9,7,2023,114.902,30,25.9,11.2,98.1,123.3,4843
10,7,2023,6.954,31,25.9,13,96.7,144.5,5369
11,7,2023,0.448,32,26,9.4,89.8,260.5,5257
12,7,2023,0.896,32,27,11.2,88.1,152.8,5719
13,7,2023,1.701,32.7,27,16.6,88.1,256.5,6007
14,7,2023,1.494,32.6,27,14.8,88.9,215.4,5902
15,7,2023,13.747,33.8,26,13,87,176.3,5613
16,7,2023,7.851,33.1,26.7,13,89.1,265.7,5792
17,7,2023,0,33,28,11.2,86.2,219.4,6204
18,7,2023,0.644,32,28,13,92.2,230.6,5896
19,7,2023,0,35,28,14.8,82.6,257.5,6478
20,7,2023,0,36.8,29,9.4,70.8,294.4,7042
21,7,2023,0,37.1,30,14.8,71.7,292,7398
22,7,2023,0,35.3,29,18.4,77.2,274.4,6928
23,7,2023,0.17,35.3,29,20.5,72.4,248,6886
24,7,2023,0,37,29,18.4,70.6,232.8,7220
25,7,2023,0,34.9,29,14.8,80.9,243.1,7279
26,7,2023,31.643,30.4,25,14.8,92.1,116.2,6671
27,7,2023,0.5,34,27,11.2,84.6,219,6225
28,7,2023,10.585,33,25,14.8,87.6,216.4,6155
29,7,2023,5.701,31,25.9,11.2,92.3,184.8,5290
30,7,2023,0,33.9,26,13,82.9,286.2,6011
31,7,2023,0,34.3,28,14.8,78.3,197.3,6591
1,8,2023,0,35.4,28,16.6,74.7,293.3,6838
2,8,2023,4.253,34.9,28,18.4,78.9,251,7105
3,8,2023,7.492,35,27.2,18.4,81.3,251.4,7018
4,8,2023,47.116,33.1,27,16.6,86.7,160.9,6610
5,8,2023,6.597,33,26,14.8,88.3,228.6,6150
6,8,2023,0,34.5,29,22.3,73.4,150.3,6223
7,8,2023,0,33.2,28,17.8,70.7,255.8,6331
8,8,2023,0,36.3,27,19.8,67.9,251,6372
9,8,2023,0,34.4,28.1,22.1,66.1,240.2,6372
10,8,2023,0.17,34.3,28,16.6,71,176.5,6649
11,8,2023,0,34.8,28,15.2,66.4,167.2,6670
12,8,2023,0,35,28,18.4,61.4,250.1,6373
13,8,2023,0,34.2,28,16.4,65.7,185.2,6197
14,8,2023,0,34.2,28,13,70,156.9,6210
15,8,2023,1.664,33.2,27,13,80.5,248.8,6037
16,8,2023,3.585,35.1,28.2,16.6,72.2,261,6804
17,8,2023,0,35.9,29,15.2,63.8,240.9,6957
18,8,2023,0,36.2,29,16.6,64,282,7160
19,8,2023,17.975,34,25,13,82.1,248.9,6910
20,8,2023,0,35.6,29,14.8,75.2,238.3,6781
21,8,2023,0,36.9,29,10.1,74,187.8,7288
22,8,2023,0,35.3,28,18.4,80.9,156.7,7437
23,8,2023,5.936,28.9,27,14.8,92.4,14.9,6346
24,8,2023,0,32.1,26,14.8,75.8,214.7,5988
25,8,2023,0,34.4,26.7,14.8,68.1,275,6252
26,8,2023,0,34.5,27,17.8,63.6,172.1,6014
27,8,2023,0,35,27,17.8,58.5,264.5,5874
28,8,2023,0,34.9,27,24,62.5,174.8,6468
29,8,2023,0,35,27,17.3,61.5,275.8,6489
30,8,2023,0,35.6,28,16.6,62.8,273.7,6352
31,8,2023,0,35.7,27.4,15.2,61.7,271.8,6703
1,9,2023,0,36.2,28,18.4,60.6,268.3,6792
2,9,2023,0,38.3,28.7,19.4,46.1,270.6,6579
3,9,2023,0,36,28,16.6,54.4,269.8,6744
4,9,2023,0,36.1,27.4,16.6,58.2,268.6,6646
5,9,2023,0,36.9,27,12.2,61,256.3,6993
6,9,2023,0,36.2,27,9.4,59.1,185.8,6725
7,9,2023,0.149,36.9,28,14.8,65.3,254.3,6409
8,9,2023,0,35.6,26,18.4,66.4,213.8,6049
9,9,2023,25.701,31,25,23,87.2,51.1,5930
10,9,2023,24.673,28.1,24,14.8,96.6,33.1,4536
11,9,2023,0.149,32,25,11.2,85.8,171.3,5302
12,9,2023,0,33.1,25.9,9.4,79.4,248.9,5696
13,9,2023,0,34.6,27,11.2,76.3,220.7,6246
14,9,2023,0,36.4,28,11.2,73.7,219.4,6754
15,9,2023,4.403,32.6,24.7,18.4,82.1,221,6429
16,9,2023,10.149,33.2,25,18.4,91,234.8,5949
17,9,2023,0.299,32,25.5,18.4,87.8,218.2,5208
18,9,2023,0,32.8,25,18.4,77.3,221.6,5570
19,9,2023,0,34.7,27,13,71.2,220,6037
20,9,2023,0,35.6,27,7.9,62.2,178.5,6373
21,9,2023,0.851,36.3,28,14.8,71,166.7,6660
22,9,2023,0,35.4,27,9.4,71.7,238.8,6556
23,9,2023,14.851,33,24.6,31.7,84.4,223.5,6341
24,9,2023,0,33.5,25,63.4,77.9,227.4,5386
25,9,2023,0,34.5,25,9.4,72.3,217.2,5712
26,9,2023,0,34.7,26,11.2,68.9,234.7,5797
27,9,2023,0,33.8,26,13,65.1,237.3,5723
28,9,2023,0,34,23.6,14.5,62.1,244.3,5322
29,9,2023,0,33.4,23.6,11.2,62.3,237.1,5511
30,9,2023,0,35.1,24.7,14.8,61.9,236.5,5199
1,10,2023,0,34.8,24,14.8,59.8,235.5,5076
2,10,2023,0,34.1,22,14.8,52.7,240.2,4614
3,10,2023,0,33.9,20.5,16.6,48.9,238,4859
4,10,2023,0,34,20.9,16.6,54.2,235.5,4930
5,10,2023,0,34.4,21,14.8,53.7,233,4927
6,10,2023,0,35,20.9,13,52.3,230.3,4996
7,10,2023,0,34.7,22.9,14.8,58,223.2,4968
8,10,2023,0,35.9,25.5,14.8,60.1,219.2,5316
9,10,2023,0,35.7,26,14.8,58.8,216.8,5583
10,10,2023,0,35,24.8,13,52.7,215.9,5567
11,10,2023,0,34.5,22.5,16.6,55.8,221.2,5086
12,10,2023,0,33.8,19.9,11.2,53.5,222.4,4945
13,10,2023,0,35.2,22,14.8,55.4,217.8,5065
14,10,2023,0,35.7,22.8,13,55.1,211.9,4817
15,10,2023,0,33.4,23.1,16.6,58.1,204.5,4530
16,10,2023,1,28.8,21.3,37.1,59.5,141.3,4557
17,10,2023,3.851,25.3,18.9,14.8,77.2,203.7,4158
18,10,2023,0,31,18.7,14.8,60.3,206,4190
19,10,2023,0,29.2,17.6,11.2,58.8,207.7,4133
20,10,2023,0,30.8,18.4,11.2,59.2,205.4,4205
21,10,2023,0,30.5,17.8,7.6,59.7,204.4,3919
22,10,2023,0,30.6,18.1,11.2,59.8,192.9,3670
23,10,2023,0,30.3,18.9,11.4,58.3,198.5,4024
24,10,2023,0,30.6,18.6,11.2,56.3,198.4,3507
25,10,2023,0,30,18,13,57.9,198.2,4113
26,10,2023,0,31,18.1,10.6,54.5,198.8,4108
27,10,2023,0,30.8,17.1,11.2,52.1,199.5,4114
28,10,2023,0,31.5,17.2,7.6,52.2,160.9,3873
29,10,2023,0,32.3,18,9.4,52.2,188.3,3692
30,10,2023,0,32.3,18.7,9.4,58.3,186.8,4133
31,10,2023,0,31.6,19.6,9.4,67.1,185.6,4210
1,11,2023,0,31,18,7.6,64.4,184,4320
2,11,2023,0,29.6,18.5,7.6,71.8,183.7,4199
3,11,2023,0,29.2,18.6,7.6,72.2,180.5,4231
4,11,2023,0,28.5,18.4,7.6,75.8,179.4,3928
5,11,2023,0,31,18,9.4,70.7,182.9,3845
6,11,2023,0,30.3,16,7.6,64.8,182.5,4074
7,11,2023,0,30.9,16.7,7.6,63.5,176.3,4055
8,11,2023,0,30,17.4,7.6,66,172,4141
9,11,2023,0,31.7,17.6,11.2,62.7,172,4067
10,11,2023,7.701,22,18,13,84.4,136,4136
11,11,2023,0,25.5,15.7,13,76,169.6,3606
12,11,2023,0,26.1,14,13,72.6,170.8,3060
13,11,2023,0,26.7,14.3,7.6,74.3,165.6,2911
14,11,2023,0,25.4,14.4,7.6,66.1,135,3345
15,11,2023,0,26.4,13.2,9.4,70.1,169.9,3601.4
16,11,2023,0,26.3,13.7,9.4,76.1,166.9,3611
17,11,2023,0,27.4,14,5.4,73.1,164.1,3886
18,11,2023,0,27.2,15,9.4,68.8,160.4,3597
19,11,2023,0,26,14.4,11.2,68,161.8,3493
20,11,2023,0,25.8,14,9.4,70.4,161.3,3534
21,11,2023,0,25.5,13.6,13.7,70.8,162,3657
22,11,2023,0,25,13,11.2,67.7,162,3723
23,11,2023,0,26,11.5,9.4,65.7,161.6,3710
24,11,2023,0,26.1,12,7.6,70,156.5,3995
25,11,2023,0,25,12.6,8.2,69.7,149.8,3741
26,11,2023,0,25.6,13.2,11.2,67.1,105.6,3839
27,11,2023,6.254,23.2,15.5,18.4,75,90.6,3934
28,11,2023,0.23,20,15.6,9.4,86.9,97.3,3825
29,11,2023,0,24.7,14.1,9.4,81,115.7,3884
30,11,2023,0,24.3,15,13,82.5,116.1,3842
1,12,2023,0,24.5,14.8,7.6,80.7,141,4023
2,12,2023,0,23.7,14,8,83.5,146.9,3725
3,12,2023,0,25.1,12.4,9.4,75.1,146.2,3838
4,12,2023,0.015,24.2,16,11.2,67.4,109.9,3835
5,12,2023,0,24.1,13.6,13,69.4,147.6,3836
6,12,2023,0,24.6,11.2,7.6,72.6,148.2,3887
7,12,2023,0,23.6,11.6,7.8,75.4,145.3,3870
8,12,2023,0,25,11.7,11.2,69.7,147.4,4070
9,12,2023,0,24.4,10.8,13,69.4,147.9,3874
10,12,2023,0,22.5,10,18.4,68.6,148,3940
11,12,2023,0,23.3,9.1,9.4,65,149.3,3946
12,12,2023,0,23.7,9,9.4,72.2,145.2,4008
13,12,2023,0,23.7,9.4,9.4,69.6,147.3,4117
14,12,2023,0,23,8.5,16.6,65.4,140,3830
15,12,2023,0,23.8,7.9,10.1,63.2,145.8,4243
16,12,2023,0,23.5,7.8,9.4,50.6,140.7,4034
17,12,2023,0,23.6,8.1,11.2,64.3,144.8,4136
18,12,2023,0,21.5,8.7,18.4,71.5,146.5,4158
19,12,2023,0,22.1,8,18.4,64.9,148.4,4351
20,12,2023,0,21,8.4,13,68.6,143.3,4361
21,12,2023,0,22,8,11.2,75.2,139,4344
22,12,2023,0,21.9,8,13,76.1,146,4582
23,12,2023,0,23,11.8,11.2,72.6,139.8,4277
24,12,2023,0,23.7,10,9.4,77.6,137.7,4288
25,12,2023,0,22,11,11.2,81.7,143.5,4532
26,12,2023,0,23,8,9.4,83.8,130.8,4400
27,12,2023,0,19.5,10.3,9.4,91.9,145,4531
28,12,2023,0,19.5,9.3,9.4,91.1,146.8,4578
29,12,2023,0,18.6,12,9.4,93.9,144,4884
30,12,2023,0,19.4,12.8,9.4,90,113.7,4556
31,12,2023,0,16,11.5,9.4,87,146.9,4634
